timestamp,energy_kwh,hour,day,month,year,weekday,is_weekend
2024-01-01 00:00:00,60.71234573492677,0,1,1,2024,Monday,0
2024-01-01 01:00:00,12.339275203733752,1,1,1,2024,Monday,0
2024-01-01 02:00:00,19.12887570011548,2,1,1,2024,Monday,0
2024-01-01 03:00:00,79.45782398845503,3,1,1,2024,Monday,0
2024-01-01 04:00:00,19.62910416772725,4,1,1,2024,Monday,0
2024-01-01 05:00:00,43.18113714248533,5,1,1,2024,Monday,0
2024-01-01 06:00:00,36.862139988267536,6,1,1,2024,Monday,0
2024-01-01 07:00:00,51.46761685839947,7,1,1,2024,Monday,0
2024-01-01 08:00:00,43.59237228216989,8,1,1,2024,Monday,0
2024-01-01 09:00:00,78.86860745126785,9,1,1,2024,Monday,0
2024-01-01 10:00:00,18.20619747737872,10,1,1,2024,Monday,0
2024-01-01 11:00:00,22.564929484106763,11,1,1,2024,Monday,0
2024-01-01 12:00:00,34.256452908516025,12,1,1,2024,Monday,0
2024-01-01 13:00:00,16.56106432522506,13,1,1,2024,Monday,0
2024-01-01 14:00:00,12.927545290947553,14,1,1,2024,Monday,0
2024-01-01 15:00:00,27.354317884610715,15,1,1,2024,Monday,0
2024-01-01 16:00:00,24.726937680708804,16,1,1,2024,Monday,0
2024-01-01 17:00:00,23.824040473705303,17,1,1,2024,Monday,0
2024-01-01 18:00:00,42.63801819167288,18,1,1,2024,Monday,0
2024-01-01 19:00:00,48.48248430757049,19,1,1,2024,Monday,0
2024-01-01 20:00:00,50.27906667357191,20,1,1,2024,Monday,0
2024-01-01 21:00:00,59.1350316162392,21,1,1,2024,Monday,0
2024-01-01 22:00:00,49.19642958971384,22,1,1,2024,Monday,0
2024-01-01 23:00:00,68.44712632026376,23,1,1,2024,Monday,0
2024-01-02 00:00:00,27.60438468247694,0,2,1,2024,Tuesday,0
2024-01-02 01:00:00,40.178003499947216,1,2,1,2024,Tuesday,0
2024-01-02 02:00:00,43.487751224792326,2,2,1,2024,Tuesday,0
2024-01-02 03:00:00,10.338517723856468,3,2,1,2024,Tuesday,0
2024-01-02 04:00:00,31.68448458657448,4,2,1,2024,Tuesday,0
2024-01-02 05:00:00,56.59325685914933,5,2,1,2024,Tuesday,0
2024-01-02 06:00:00,19.473800595427143,6,2,1,2024,Tuesday,0
2024-01-02 07:00:00,38.28919933554271,7,2,1,2024,Tuesday,0
2024-01-02 08:00:00,16.136238725396332,8,2,1,2024,Tuesday,0
2024-01-02 09:00:00,60.06708508895625,9,2,1,2024,Tuesday,0
2024-01-02 10:00:00,57.72437946101146,10,2,1,2024,Tuesday,0
2024-01-02 11:00:00,37.37451606078376,11,2,1,2024,Tuesday,0
2024-01-02 12:00:00,39.940563619980615,12,2,1,2024,Tuesday,0
2024-01-02 13:00:00,73.38661952275571,13,2,1,2024,Tuesday,0
2024-01-02 14:00:00,61.52075986084904,14,2,1,2024,Tuesday,0
2024-01-02 15:00:00,68.17785003637414,15,2,1,2024,Tuesday,0
2024-01-02 16:00:00,67.51805822343026,16,2,1,2024,Tuesday,0
2024-01-02 17:00:00,39.398742356080696,17,2,1,2024,Tuesday,0
2024-01-02 18:00:00,12.049319706245154,18,2,1,2024,Tuesday,0
2024-01-02 19:00:00,77.0536063752363,19,2,1,2024,Tuesday,0
2024-01-02 20:00:00,0.0,20,2,1,2024,Tuesday,0
2024-01-02 21:00:00,46.80719594482398,21,2,1,2024,Tuesday,0
2024-01-02 22:00:00,67.47546614008147,22,2,1,2024,Tuesday,0
2024-01-02 23:00:00,30.710934027103814,23,2,1,2024,Tuesday,0
2024-01-03 00:00:00,0.0,0,3,1,2024,Wednesday,0
2024-01-03 01:00:00,8.713190575944605,1,3,1,2024,Wednesday,0
2024-01-03 02:00:00,9.06588081544948,2,3,1,2024,Wednesday,0
2024-01-03 03:00:00,58.73397361690925,3,3,1,2024,Wednesday,0
2024-01-03 04:00:00,65.98624912728606,4,3,1,2024,Wednesday,0
2024-01-03 05:00:00,74.99970643372605,5,3,1,2024,Wednesday,0
2024-01-03 06:00:00,17.769436409407696,6,3,1,2024,Wednesday,0
2024-01-03 07:00:00,50.26893407436542,7,3,1,2024,Wednesday,0
2024-01-03 08:00:00,76.45046498743068,8,3,1,2024,Wednesday,0
2024-01-03 09:00:00,77.86372676031044,9,3,1,2024,Wednesday,0
2024-01-03 10:00:00,21.89299267514347,10,3,1,2024,Wednesday,0
2024-01-03 11:00:00,71.28000416235402,11,3,1,2024,Wednesday,0
2024-01-03 12:00:00,21.82768817738645,12,3,1,2024,Wednesday,0
2024-01-03 13:00:00,62.723162291274086,13,3,1,2024,Wednesday,0
2024-01-03 14:00:00,46.1951370011332,14,3,1,2024,Wednesday,0
2024-01-03 15:00:00,29.34565985727085,15,3,1,2024,Wednesday,0
2024-01-03 16:00:00,76.93342189972203,16,3,1,2024,Wednesday,0
2024-01-03 17:00:00,59.25460166411963,17,3,1,2024,Wednesday,0
2024-01-03 18:00:00,37.06292777850246,18,3,1,2024,Wednesday,0
2024-01-03 19:00:00,67.69516175123809,19,3,1,2024,Wednesday,0
2024-01-03 20:00:00,16.41401693253662,20,3,1,2024,Wednesday,0
2024-01-03 21:00:00,67.00568214318923,21,3,1,2024,Wednesday,0
2024-01-03 22:00:00,70.61729259484447,22,3,1,2024,Wednesday,0
2024-01-03 23:00:00,61.13047583037784,23,3,1,2024,Wednesday,0
2024-01-04 00:00:00,22.88203842151127,0,4,1,2024,Thursday,0
2024-01-04 01:00:00,12.894887186031896,1,4,1,2024,Thursday,0
2024-01-04 02:00:00,69.16916705566726,2,4,1,2024,Thursday,0
2024-01-04 03:00:00,0.0,3,4,1,2024,Thursday,0
2024-01-04 04:00:00,49.2788373994772,4,4,1,2024,Thursday,0
2024-01-04 05:00:00,31.218889683829406,5,4,1,2024,Thursday,0
2024-01-04 06:00:00,30.651699818598622,6,4,1,2024,Thursday,0
2024-01-04 07:00:00,59.9864767329939,7,4,1,2024,Thursday,0
2024-01-04 08:00:00,51.67374779364138,8,4,1,2024,Thursday,0
2024-01-04 09:00:00,35.9072426531086,9,4,1,2024,Thursday,0
2024-01-04 10:00:00,41.60783353260332,10,4,1,2024,Thursday,0
2024-01-04 11:00:00,32.83295683246542,11,4,1,2024,Thursday,0
2024-01-04 12:00:00,57.92445004054599,12,4,1,2024,Thursday,0
2024-01-04 13:00:00,21.65616411567424,13,4,1,2024,Thursday,0
2024-01-04 14:00:00,41.01058174547109,14,4,1,2024,Thursday,0
2024-01-04 15:00:00,79.81869447094793,15,4,1,2024,Thursday,0
2024-01-04 16:00:00,33.07294950547435,16,4,1,2024,Thursday,0
2024-01-04 17:00:00,27.84315247164263,17,4,1,2024,Thursday,0
2024-01-04 18:00:00,28.440773917754164,18,4,1,2024,Thursday,0
2024-01-04 19:00:00,68.57302471319414,19,4,1,2024,Thursday,0
2024-01-04 20:00:00,65.431016913359,20,4,1,2024,Thursday,0
2024-01-04 21:00:00,71.61568949106118,21,4,1,2024,Thursday,0
2024-01-04 22:00:00,7.930901450146639,22,4,1,2024,Thursday,0
2024-01-04 23:00:00,0.0,23,4,1,2024,Thursday,0
2024-01-05 00:00:00,55.72920335411825,0,5,1,2024,Friday,0
2024-01-05 01:00:00,31.046574961450595,1,5,1,2024,Friday,0
2024-01-05 02:00:00,15.91756323749268,2,5,1,2024,Friday,0
2024-01-05 03:00:00,50.90348235510272,3,5,1,2024,Friday,0
2024-01-05 04:00:00,71.47764853216556,4,5,1,2024,Friday,0
2024-01-05 05:00:00,74.15366015953305,5,5,1,2024,Friday,0
2024-01-05 06:00:00,46.77551047348464,6,5,1,2024,Friday,0
2024-01-05 07:00:00,8.469643800499997,7,5,1,2024,Friday,0
2024-01-05 08:00:00,61.697438669843606,8,5,1,2024,Friday,0
2024-01-05 09:00:00,41.264155052372864,9,5,1,2024,Friday,0
2024-01-05 10:00:00,6.503953233800639,10,5,1,2024,Friday,0
2024-01-05 11:00:00,65.89318362199285,11,5,1,2024,Friday,0
2024-01-05 12:00:00,13.262909019022482,12,5,1,2024,Friday,0
2024-01-05 13:00:00,0.0,13,5,1,2024,Friday,0
2024-01-05 14:00:00,27.42595097070096,14,5,1,2024,Friday,0
2024-01-05 15:00:00,7.358446629421065,15,5,1,2024,Friday,0
2024-01-05 16:00:00,36.13726899530781,16,5,1,2024,Friday,0
2024-01-05 17:00:00,29.16952953646135,17,5,1,2024,Friday,0
2024-01-05 18:00:00,43.4453789766191,18,5,1,2024,Friday,0
2024-01-05 19:00:00,26.8691096120868,19,5,1,2024,Friday,0
2024-01-05 20:00:00,17.933479173039434,20,5,1,2024,Friday,0
2024-01-05 21:00:00,60.47162634897462,21,5,1,2024,Friday,0
2024-01-05 22:00:00,17.704737472368393,22,5,1,2024,Friday,0
2024-01-05 23:00:00,47.71409590115245,23,5,1,2024,Friday,0
2024-01-06 00:00:00,71.18526462073517,0,6,1,2024,Saturday,1
2024-01-06 01:00:00,39.64439031543013,1,6,1,2024,Saturday,1
2024-01-06 02:00:00,24.84871287490711,2,6,1,2024,Saturday,1
2024-01-06 03:00:00,7.515940355911836,3,6,1,2024,Saturday,1
2024-01-06 04:00:00,64.41904928508166,4,6,1,2024,Saturday,1
2024-01-06 05:00:00,6.189015903017523,5,6,1,2024,Saturday,1
2024-01-06 06:00:00,37.787903717013286,6,6,1,2024,Saturday,1
2024-01-06 07:00:00,9.15123419135714,7,6,1,2024,Saturday,1
2024-01-06 08:00:00,15.660564019843829,8,6,1,2024,Saturday,1
2024-01-06 09:00:00,35.55367093393553,9,6,1,2024,Saturday,1
2024-01-06 10:00:00,47.52745876259207,10,6,1,2024,Saturday,1
2024-01-06 11:00:00,36.616568616352566,11,6,1,2024,Saturday,1
2024-01-06 12:00:00,65.48719595789339,12,6,1,2024,Saturday,1
2024-01-06 13:00:00,33.88719708294054,13,6,1,2024,Saturday,1
2024-01-06 14:00:00,47.29002739188249,14,6,1,2024,Saturday,1
2024-01-06 15:00:00,48.48756787108178,15,6,1,2024,Saturday,1
2024-01-06 16:00:00,15.010165946159637,16,6,1,2024,Saturday,1
2024-01-06 17:00:00,30.06513890238722,17,6,1,2024,Saturday,1
2024-01-06 18:00:00,74.10645011572457,18,6,1,2024,Saturday,1
2024-01-06 19:00:00,66.15159678916712,19,6,1,2024,Saturday,1
2024-01-06 20:00:00,47.37743937319623,20,6,1,2024,Saturday,1
2024-01-06 21:00:00,45.99296137212069,21,6,1,2024,Saturday,1
2024-01-06 22:00:00,48.28787199679972,22,6,1,2024,Saturday,1
2024-01-06 23:00:00,78.69341922441535,23,6,1,2024,Saturday,1
2024-01-07 00:00:00,68.03002486170053,0,7,1,2024,Sunday,1
2024-01-07 01:00:00,40.24838259933458,1,7,1,2024,Sunday,1
2024-01-07 02:00:00,74.28073484499863,2,7,1,2024,Sunday,1
2024-01-07 03:00:00,0.0,3,7,1,2024,Sunday,1
2024-01-07 04:00:00,74.94807969154884,4,7,1,2024,Sunday,1
2024-01-07 05:00:00,52.884130298910776,5,7,1,2024,Sunday,1
2024-01-07 06:00:00,34.96988837156509,6,7,1,2024,Sunday,1
2024-01-07 07:00:00,55.91756316726556,7,7,1,2024,Sunday,1
2024-01-07 08:00:00,76.59801205371735,8,7,1,2024,Sunday,1
2024-01-07 09:00:00,20.25597516487363,9,7,1,2024,Sunday,1
2024-01-07 10:00:00,56.06879094629386,10,7,1,2024,Sunday,1
2024-01-07 11:00:00,65.04979561439833,11,7,1,2024,Sunday,1
2024-01-07 12:00:00,0.0,12,7,1,2024,Sunday,1
2024-01-07 13:00:00,23.57128153810389,13,7,1,2024,Sunday,1
2024-01-07 14:00:00,0.0,14,7,1,2024,Sunday,1
2024-01-07 15:00:00,41.08911136063269,15,7,1,2024,Sunday,1
2024-01-07 16:00:00,48.99847458311938,16,7,1,2024,Sunday,1
2024-01-07 17:00:00,10.2776080929522,17,7,1,2024,Sunday,1
2024-01-07 18:00:00,45.57396766460627,18,7,1,2024,Sunday,1
2024-01-07 19:00:00,69.1055463943984,19,7,1,2024,Sunday,1
2024-01-07 20:00:00,37.76450274178449,20,7,1,2024,Sunday,1
2024-01-07 21:00:00,14.495687027174723,21,7,1,2024,Sunday,1
2024-01-07 22:00:00,54.64087910335184,22,7,1,2024,Sunday,1
2024-01-07 23:00:00,67.89119052685948,23,7,1,2024,Sunday,1
2024-01-08 00:00:00,22.742594390832505,0,8,1,2024,Monday,0
2024-01-08 01:00:00,56.01783153828373,1,8,1,2024,Monday,0
2024-01-08 02:00:00,127.75747441174424,2,8,1,2024,Monday,0
2024-01-08 03:00:00,13.87716708884735,3,8,1,2024,Monday,0
2024-01-08 04:00:00,0.0,4,8,1,2024,Monday,0
2024-01-08 05:00:00,47.82436784944839,5,8,1,2024,Monday,0
2024-01-08 06:00:00,71.14274635725945,6,8,1,2024,Monday,0
2024-01-08 07:00:00,6.08863208957066,7,8,1,2024,Monday,0
2024-01-08 08:00:00,33.098691426112154,8,8,1,2024,Monday,0
2024-01-08 09:00:00,78.83314651875263,9,8,1,2024,Monday,0
2024-01-08 10:00:00,63.23651609867501,10,8,1,2024,Monday,0
2024-01-08 11:00:00,50.16138087841768,11,8,1,2024,Monday,0
2024-01-08 12:00:00,21.82050636814289,12,8,1,2024,Monday,0
2024-01-08 13:00:00,61.00032235899777,13,8,1,2024,Monday,0
2024-01-08 14:00:00,47.3146093849059,14,8,1,2024,Monday,0
2024-01-08 15:00:00,33.78434419301355,15,8,1,2024,Monday,0
2024-01-08 16:00:00,47.84104322110981,16,8,1,2024,Monday,0
2024-01-08 17:00:00,10.640152157210183,17,8,1,2024,Monday,0
2024-01-08 18:00:00,72.2378188219246,18,8,1,2024,Monday,0
2024-01-08 19:00:00,36.15792621947456,19,8,1,2024,Monday,0
2024-01-08 20:00:00,63.62653233247981,20,8,1,2024,Monday,0
2024-01-08 21:00:00,8.349591228417406,21,8,1,2024,Monday,0
2024-01-08 22:00:00,65.83154346501938,22,8,1,2024,Monday,0
2024-01-08 23:00:00,55.18877391493572,23,8,1,2024,Monday,0
2024-01-09 00:00:00,55.97943470013186,0,9,1,2024,Tuesday,0
2024-01-09 01:00:00,38.50773758511891,1,9,1,2024,Tuesday,0
2024-01-09 02:00:00,13.105812024979125,2,9,1,2024,Tuesday,0
2024-01-09 03:00:00,7.81642400450342,3,9,1,2024,Tuesday,0
2024-01-09 04:00:00,52.50980894268295,4,9,1,2024,Tuesday,0
2024-01-09 05:00:00,12.128018048871455,5,9,1,2024,Tuesday,0
2024-01-09 06:00:00,28.98835178470727,6,9,1,2024,Tuesday,0
2024-01-09 07:00:00,13.485195325551771,7,9,1,2024,Tuesday,0
2024-01-09 08:00:00,80.72941928487083,8,9,1,2024,Tuesday,0
2024-01-09 09:00:00,53.58667286183268,9,9,1,2024,Tuesday,0
2024-01-09 10:00:00,72.82858509991425,10,9,1,2024,Tuesday,0
2024-01-09 11:00:00,64.23213303009759,11,9,1,2024,Tuesday,0
2024-01-09 12:00:00,17.854873424356434,12,9,1,2024,Tuesday,0
2024-01-09 13:00:00,63.85425613845187,13,9,1,2024,Tuesday,0
2024-01-09 14:00:00,70.99471727287802,14,9,1,2024,Tuesday,0
2024-01-09 15:00:00,62.24807114091579,15,9,1,2024,Tuesday,0
2024-01-09 16:00:00,78.64289917152071,16,9,1,2024,Tuesday,0
2024-01-09 17:00:00,6.961875674256488,17,9,1,2024,Tuesday,0
2024-01-09 18:00:00,75.18617180833594,18,9,1,2024,Tuesday,0
2024-01-09 19:00:00,1.7545202338044217,19,9,1,2024,Tuesday,0
2024-01-09 20:00:00,73.61433544405698,20,9,1,2024,Tuesday,0
2024-01-09 21:00:00,6.377874090357831,21,9,1,2024,Tuesday,0
2024-01-09 22:00:00,51.16182197500394,22,9,1,2024,Tuesday,0
2024-01-09 23:00:00,28.22969163134975,23,9,1,2024,Tuesday,0
2024-01-10 00:00:00,67.9228322505551,0,10,1,2024,Wednesday,0
2024-01-10 01:00:00,15.273666673214588,1,10,1,2024,Wednesday,0
2024-01-10 02:00:00,50.643736597993126,2,10,1,2024,Wednesday,0
2024-01-10 03:00:00,52.05474164868848,3,10,1,2024,Wednesday,0
2024-01-10 04:00:00,57.89799819019454,4,10,1,2024,Wednesday,0
2024-01-10 05:00:00,30.900798344474765,5,10,1,2024,Wednesday,0
2024-01-10 06:00:00,35.348377133007446,6,10,1,2024,Wednesday,0
2024-01-10 07:00:00,11.92593792090742,7,10,1,2024,Wednesday,0
2024-01-10 08:00:00,55.46412783572684,8,10,1,2024,Wednesday,0
2024-01-10 09:00:00,44.15948700741327,9,10,1,2024,Wednesday,0
2024-01-10 10:00:00,65.24475504703462,10,10,1,2024,Wednesday,0
2024-01-10 11:00:00,20.46478094414017,11,10,1,2024,Wednesday,0
2024-01-10 12:00:00,49.186728304534114,12,10,1,2024,Wednesday,0
2024-01-10 13:00:00,32.64266713861244,13,10,1,2024,Wednesday,0
2024-01-10 14:00:00,66.62370004100543,14,10,1,2024,Wednesday,0
2024-01-10 15:00:00,33.365508790480845,15,10,1,2024,Wednesday,0
2024-01-10 16:00:00,68.82528250979368,16,10,1,2024,Wednesday,0
2024-01-10 17:00:00,65.89172326762375,17,10,1,2024,Wednesday,0
2024-01-10 18:00:00,0.0,18,10,1,2024,Wednesday,0
2024-01-10 19:00:00,12.669821074783703,19,10,1,2024,Wednesday,0
2024-01-10 20:00:00,25.35411411775736,20,10,1,2024,Wednesday,0
2024-01-10 21:00:00,37.928111661586094,21,10,1,2024,Wednesday,0
2024-01-10 22:00:00,0.0,22,10,1,2024,Wednesday,0
2024-01-10 23:00:00,31.877190174337137,23,10,1,2024,Wednesday,0
2024-01-11 00:00:00,29.582840438091417,0,11,1,2024,Thursday,0
2024-01-11 01:00:00,37.50977747998428,1,11,1,2024,Thursday,0
2024-01-11 02:00:00,7.849721866582429,2,11,1,2024,Thursday,0
2024-01-11 03:00:00,66.52076448264908,3,11,1,2024,Thursday,0
2024-01-11 04:00:00,0.0,4,11,1,2024,Thursday,0
2024-01-11 05:00:00,29.84062267463912,5,11,1,2024,Thursday,0
2024-01-11 06:00:00,59.781219876480165,6,11,1,2024,Thursday,0
2024-01-11 07:00:00,76.3581979165499,7,11,1,2024,Thursday,0
2024-01-11 08:00:00,60.41010374511423,8,11,1,2024,Thursday,0
2024-01-11 09:00:00,44.78548903983442,9,11,1,2024,Thursday,0
2024-01-11 10:00:00,22.22767365216008,10,11,1,2024,Thursday,0
2024-01-11 11:00:00,22.275712407676338,11,11,1,2024,Thursday,0
2024-01-11 12:00:00,29.01396645530415,12,11,1,2024,Thursday,0
2024-01-11 13:00:00,61.1175287370132,13,11,1,2024,Thursday,0
2024-01-11 14:00:00,65.55092159002764,14,11,1,2024,Thursday,0
2024-01-11 15:00:00,76.57976765251057,15,11,1,2024,Thursday,0
2024-01-11 16:00:00,37.09360176408391,16,11,1,2024,Thursday,0
2024-01-11 17:00:00,56.35798687093989,17,11,1,2024,Thursday,0
2024-01-11 18:00:00,6.35451648199704,18,11,1,2024,Thursday,0
2024-01-11 19:00:00,60.5227294924313,19,11,1,2024,Thursday,0
2024-01-11 20:00:00,49.62151165856079,20,11,1,2024,Thursday,0
2024-01-11 21:00:00,54.126087254300025,21,11,1,2024,Thursday,0
2024-01-11 22:00:00,13.088994842173186,22,11,1,2024,Thursday,0
2024-01-11 23:00:00,7.424244899456774,23,11,1,2024,Thursday,0
2024-01-12 00:00:00,47.08633600039671,0,12,1,2024,Friday,0
2024-01-12 01:00:00,0.0,1,12,1,2024,Friday,0
2024-01-12 02:00:00,56.82135247009669,2,12,1,2024,Friday,0
2024-01-12 03:00:00,36.53187940069507,3,12,1,2024,Friday,0
2024-01-12 04:00:00,58.151062888392886,4,12,1,2024,Friday,0
2024-01-12 05:00:00,63.59427153371392,5,12,1,2024,Friday,0
2024-01-12 06:00:00,55.415049767383415,6,12,1,2024,Friday,0
2024-01-12 07:00:00,12.919879701960571,7,12,1,2024,Friday,0
2024-01-12 08:00:00,70.24471717977453,8,12,1,2024,Friday,0
2024-01-12 09:00:00,47.904097938603606,9,12,1,2024,Friday,0
2024-01-12 10:00:00,59.14827213488981,10,12,1,2024,Friday,0
2024-01-12 11:00:00,6.462698570789017,11,12,1,2024,Friday,0
2024-01-12 12:00:00,79.0022597060318,12,12,1,2024,Friday,0
2024-01-12 13:00:00,19.9168777203513,13,12,1,2024,Friday,0
2024-01-12 14:00:00,73.22951284506478,14,12,1,2024,Friday,0
2024-01-12 15:00:00,15.058971703234262,15,12,1,2024,Friday,0
2024-01-12 16:00:00,12.132557803938544,16,12,1,2024,Friday,0
2024-01-12 17:00:00,30.53308100745638,17,12,1,2024,Friday,0
2024-01-12 18:00:00,20.3535460696326,18,12,1,2024,Friday,0
2024-01-12 19:00:00,6.479430984738162,19,12,1,2024,Friday,0
2024-01-12 20:00:00,14.018823992805098,20,12,1,2024,Friday,0
2024-01-12 21:00:00,61.83012083767203,21,12,1,2024,Friday,0
2024-01-12 22:00:00,51.62169093377357,22,12,1,2024,Friday,0
2024-01-12 23:00:00,13.319017315610488,23,12,1,2024,Friday,0
2024-01-13 00:00:00,37.6423038507068,0,13,1,2024,Saturday,1
2024-01-13 01:00:00,70.62045542020036,1,13,1,2024,Saturday,1
2024-01-13 02:00:00,74.49108355632316,2,13,1,2024,Saturday,1
2024-01-13 03:00:00,32.52486104511656,3,13,1,2024,Saturday,1
2024-01-13 04:00:00,78.39905610034737,4,13,1,2024,Saturday,1
2024-01-13 05:00:00,65.32285347166376,5,13,1,2024,Saturday,1
2024-01-13 06:00:00,30.63992013217628,6,13,1,2024,Saturday,1
2024-01-13 07:00:00,78.15878931012135,7,13,1,2024,Saturday,1
2024-01-13 08:00:00,5.3378360735216495,8,13,1,2024,Saturday,1
2024-01-13 09:00:00,29.318815538897795,9,13,1,2024,Saturday,1
2024-01-13 10:00:00,23.99396127242872,10,13,1,2024,Saturday,1
2024-01-13 11:00:00,5.69951995446004,11,13,1,2024,Saturday,1
2024-01-13 12:00:00,54.52901286506665,12,13,1,2024,Saturday,1
2024-01-13 13:00:00,56.324648784145005,13,13,1,2024,Saturday,1
2024-01-13 14:00:00,0.0,14,13,1,2024,Saturday,1
2024-01-13 15:00:00,65.2254522844251,15,13,1,2024,Saturday,1
2024-01-13 16:00:00,23.54038391979749,16,13,1,2024,Saturday,1
2024-01-13 17:00:00,18.549702417680702,17,13,1,2024,Saturday,1
2024-01-13 18:00:00,20.763187642544253,18,13,1,2024,Saturday,1
2024-01-13 19:00:00,46.45478115373152,19,13,1,2024,Saturday,1
2024-01-13 20:00:00,49.74934189978176,20,13,1,2024,Saturday,1
2024-01-13 21:00:00,66.17491556109752,21,13,1,2024,Saturday,1
2024-01-13 22:00:00,0.0,22,13,1,2024,Saturday,1
2024-01-13 23:00:00,49.83823893887459,23,13,1,2024,Saturday,1
2024-01-14 00:00:00,50.65984701352952,0,14,1,2024,Sunday,1
2024-01-14 01:00:00,6.885479431723564,1,14,1,2024,Sunday,1
2024-01-14 02:00:00,64.76361325790924,2,14,1,2024,Sunday,1
2024-01-14 03:00:00,55.420912210556,3,14,1,2024,Sunday,1
2024-01-14 04:00:00,37.77161458127733,4,14,1,2024,Sunday,1
2024-01-14 05:00:00,44.06555274761643,5,14,1,2024,Sunday,1
2024-01-14 06:00:00,76.70996422567768,6,14,1,2024,Sunday,1
2024-01-14 07:00:00,6.521023617093562,7,14,1,2024,Sunday,1
2024-01-14 08:00:00,23.019693837419855,8,14,1,2024,Sunday,1
2024-01-14 09:00:00,62.3191755518106,9,14,1,2024,Sunday,1
2024-01-14 10:00:00,64.52243106916856,10,14,1,2024,Sunday,1
2024-01-14 11:00:00,52.99672888359278,11,14,1,2024,Sunday,1
2024-01-14 12:00:00,74.73938753754207,12,14,1,2024,Sunday,1
2024-01-14 13:00:00,17.890527690443513,13,14,1,2024,Sunday,1
2024-01-14 14:00:00,18.848843442027324,14,14,1,2024,Sunday,1
2024-01-14 15:00:00,58.37615445163145,15,14,1,2024,Sunday,1
2024-01-14 16:00:00,57.819430587681474,16,14,1,2024,Sunday,1
2024-01-14 17:00:00,13.3246110441358,17,14,1,2024,Sunday,1
2024-01-14 18:00:00,14.503455142567915,18,14,1,2024,Sunday,1
2024-01-14 19:00:00,26.34468459019388,19,14,1,2024,Sunday,1
2024-01-14 20:00:00,50.596951312425645,20,14,1,2024,Sunday,1
2024-01-14 21:00:00,0.0,21,14,1,2024,Sunday,1
2024-01-14 22:00:00,103.81260559148436,22,14,1,2024,Sunday,1
2024-01-14 23:00:00,70.39888221837178,23,14,1,2024,Sunday,1
2024-01-15 00:00:00,77.17272373807074,0,15,1,2024,Monday,0
2024-01-15 01:00:00,62.19283345936647,1,15,1,2024,Monday,0
2024-01-15 02:00:00,71.91146876524706,2,15,1,2024,Monday,0
2024-01-15 03:00:00,79.97807283663732,3,15,1,2024,Monday,0
2024-01-15 04:00:00,5.775919735452496,4,15,1,2024,Monday,0
2024-01-15 05:00:00,53.81020176075347,5,15,1,2024,Monday,0
2024-01-15 06:00:00,38.66237698854864,6,15,1,2024,Monday,0
2024-01-15 07:00:00,56.69330149715174,7,15,1,2024,Monday,0
2024-01-15 08:00:00,40.161421851143096,8,15,1,2024,Monday,0
2024-01-15 09:00:00,42.51736091943514,9,15,1,2024,Monday,0
2024-01-15 10:00:00,29.29844560325747,10,15,1,2024,Monday,0
2024-01-15 11:00:00,67.22515101988213,11,15,1,2024,Monday,0
2024-01-15 12:00:00,0.0,12,15,1,2024,Monday,0
2024-01-15 13:00:00,76.71844669022504,13,15,1,2024,Monday,0
2024-01-15 14:00:00,60.96907588597162,14,15,1,2024,Monday,0
2024-01-15 15:00:00,48.32460775397477,15,15,1,2024,Monday,0
2024-01-15 16:00:00,65.54082473190631,16,15,1,2024,Monday,0
2024-01-15 17:00:00,68.74906948767578,17,15,1,2024,Monday,0
2024-01-15 18:00:00,67.43740257394747,18,15,1,2024,Monday,0
2024-01-15 19:00:00,10.450657832354688,19,15,1,2024,Monday,0
2024-01-15 20:00:00,30.80566200277668,20,15,1,2024,Monday,0
2024-01-15 21:00:00,62.09565922628094,21,15,1,2024,Monday,0
2024-01-15 22:00:00,28.864060959229157,22,15,1,2024,Monday,0
2024-01-15 23:00:00,33.370542026215475,23,15,1,2024,Monday,0
2024-01-16 00:00:00,73.09045077014305,0,16,1,2024,Tuesday,0
2024-01-16 01:00:00,26.992344080966543,1,16,1,2024,Tuesday,0
2024-01-16 02:00:00,6.9381938340043,2,16,1,2024,Tuesday,0
2024-01-16 03:00:00,42.29018026674148,3,16,1,2024,Tuesday,0
2024-01-16 04:00:00,30.036118378192803,4,16,1,2024,Tuesday,0
2024-01-16 05:00:00,10.386093782293678,5,16,1,2024,Tuesday,0
2024-01-16 06:00:00,45.71947918248383,6,16,1,2024,Tuesday,0
2024-01-16 07:00:00,24.59962969556764,7,16,1,2024,Tuesday,0
2024-01-16 08:00:00,23.1470476755872,8,16,1,2024,Tuesday,0
2024-01-16 09:00:00,52.71641215020086,9,16,1,2024,Tuesday,0
2024-01-16 10:00:00,0.0,10,16,1,2024,Tuesday,0
2024-01-16 11:00:00,68.25299905062542,11,16,1,2024,Tuesday,0
2024-01-16 12:00:00,56.42022999086558,12,16,1,2024,Tuesday,0
2024-01-16 13:00:00,52.90446366869147,13,16,1,2024,Tuesday,0
2024-01-16 14:00:00,28.1635456086215,14,16,1,2024,Tuesday,0
2024-01-16 15:00:00,1.356731546885289,15,16,1,2024,Tuesday,0
2024-01-16 16:00:00,8.93042648458991,16,16,1,2024,Tuesday,0
2024-01-16 17:00:00,55.78297746472087,17,16,1,2024,Tuesday,0
2024-01-16 18:00:00,16.67359945711931,18,16,1,2024,Tuesday,0
2024-01-16 19:00:00,13.280712325754468,19,16,1,2024,Tuesday,0
2024-01-16 20:00:00,7.668660934509698,20,16,1,2024,Tuesday,0
2024-01-16 21:00:00,0.0,21,16,1,2024,Tuesday,0
2024-01-16 22:00:00,64.94285706525936,22,16,1,2024,Tuesday,0
2024-01-16 23:00:00,70.06077676219795,23,16,1,2024,Tuesday,0
2024-01-17 00:00:00,0.0,0,17,1,2024,Wednesday,0
2024-01-17 01:00:00,46.55965371578422,1,17,1,2024,Wednesday,0
2024-01-17 02:00:00,54.88401335852117,2,17,1,2024,Wednesday,0
2024-01-17 03:00:00,13.726133739305284,3,17,1,2024,Wednesday,0
2024-01-17 04:00:00,74.2197558575455,4,17,1,2024,Wednesday,0
2024-01-17 05:00:00,20.581387676280656,5,17,1,2024,Wednesday,0
2024-01-17 06:00:00,36.047577386304056,6,17,1,2024,Wednesday,0
2024-01-17 07:00:00,31.73575031358406,7,17,1,2024,Wednesday,0
2024-01-17 08:00:00,64.5382469650896,8,17,1,2024,Wednesday,0
2024-01-17 09:00:00,41.5686202547537,9,17,1,2024,Wednesday,0
2024-01-17 10:00:00,34.375669740166174,10,17,1,2024,Wednesday,0
2024-01-17 11:00:00,12.118093232455848,11,17,1,2024,Wednesday,0
2024-01-17 12:00:00,48.27254828512783,12,17,1,2024,Wednesday,0
2024-01-17 13:00:00,26.4021039498391,13,17,1,2024,Wednesday,0
2024-01-17 14:00:00,54.62699762686274,14,17,1,2024,Wednesday,0
2024-01-17 15:00:00,69.44996147928137,15,17,1,2024,Wednesday,0
2024-01-17 16:00:00,66.18914418092677,16,17,1,2024,Wednesday,0
2024-01-17 17:00:00,13.66384250802366,17,17,1,2024,Wednesday,0
2024-01-17 18:00:00,31.810223412630616,18,17,1,2024,Wednesday,0
2024-01-17 19:00:00,79.46231190835228,19,17,1,2024,Wednesday,0
2024-01-17 20:00:00,26.615202038752912,20,17,1,2024,Wednesday,0
2024-01-17 21:00:00,0.0,21,17,1,2024,Wednesday,0
2024-01-17 22:00:00,64.40334432867209,22,17,1,2024,Wednesday,0
2024-01-17 23:00:00,41.58671280364108,23,17,1,2024,Wednesday,0
2024-01-18 00:00:00,76.4481598100646,0,18,1,2024,Thursday,0
2024-01-18 01:00:00,19.89879895108544,1,18,1,2024,Thursday,0
2024-01-18 02:00:00,25.1008625389698,2,18,1,2024,Thursday,0
2024-01-18 03:00:00,27.04710323077237,3,18,1,2024,Thursday,0
2024-01-18 04:00:00,30.184684241437047,4,18,1,2024,Thursday,0
2024-01-18 05:00:00,15.342120681093242,5,18,1,2024,Thursday,0
2024-01-18 06:00:00,45.34396447469323,6,18,1,2024,Thursday,0
2024-01-18 07:00:00,60.26038300407493,7,18,1,2024,Thursday,0
2024-01-18 08:00:00,5.650181738384828,8,18,1,2024,Thursday,0
2024-01-18 09:00:00,32.491515817951985,9,18,1,2024,Thursday,0
2024-01-18 10:00:00,61.46067458832575,10,18,1,2024,Thursday,0
2024-01-18 11:00:00,41.57891512365271,11,18,1,2024,Thursday,0
2024-01-18 12:00:00,41.60286682113125,12,18,1,2024,Thursday,0
2024-01-18 13:00:00,29.697898464844947,13,18,1,2024,Thursday,0
2024-01-18 14:00:00,72.71574852972469,14,18,1,2024,Thursday,0
2024-01-18 15:00:00,61.92710360384021,15,18,1,2024,Thursday,0
2024-01-18 16:00:00,12.666812834895836,16,18,1,2024,Thursday,0
2024-01-18 17:00:00,78.95506101572013,17,18,1,2024,Thursday,0
2024-01-18 18:00:00,64.98220570964298,18,18,1,2024,Thursday,0
2024-01-18 19:00:00,37.28701875736325,19,18,1,2024,Thursday,0
2024-01-18 20:00:00,72.09484050132289,20,18,1,2024,Thursday,0
2024-01-18 21:00:00,65.75133335346975,21,18,1,2024,Thursday,0
2024-01-18 22:00:00,42.86561113214803,22,18,1,2024,Thursday,0
2024-01-18 23:00:00,33.39817875530706,23,18,1,2024,Thursday,0
2024-01-19 00:00:00,46.5117702649118,0,19,1,2024,Friday,0
2024-01-19 01:00:00,74.54048485931233,1,19,1,2024,Friday,0
2024-01-19 02:00:00,53.83827205577136,2,19,1,2024,Friday,0
2024-01-19 03:00:00,42.46618717006869,3,19,1,2024,Friday,0
2024-01-19 04:00:00,0.0,4,19,1,2024,Friday,0
2024-01-19 05:00:00,76.49931986653537,5,19,1,2024,Friday,0
2024-01-19 06:00:00,5.614874084822165,6,19,1,2024,Friday,0
2024-01-19 07:00:00,26.46822315749027,7,19,1,2024,Friday,0
2024-01-19 08:00:00,6.8738855284034415,8,19,1,2024,Friday,0
2024-01-19 09:00:00,21.580915527008145,9,19,1,2024,Friday,0
2024-01-19 10:00:00,7.569584209512826,10,19,1,2024,Friday,0
2024-01-19 11:00:00,49.5455465707554,11,19,1,2024,Friday,0
2024-01-19 12:00:00,72.83010773877143,12,19,1,2024,Friday,0
2024-01-19 13:00:00,71.12558827151543,13,19,1,2024,Friday,0
2024-01-19 14:00:00,36.2444170838149,14,19,1,2024,Friday,0
2024-01-19 15:00:00,53.39924325525044,15,19,1,2024,Friday,0
2024-01-19 16:00:00,5.746444809429853,16,19,1,2024,Friday,0
2024-01-19 17:00:00,9.737039612310449,17,19,1,2024,Friday,0
2024-01-19 18:00:00,39.46218311483076,18,19,1,2024,Friday,0
2024-01-19 19:00:00,63.83060874636528,19,19,1,2024,Friday,0
2024-01-19 20:00:00,72.94802476319454,20,19,1,2024,Friday,0
2024-01-19 21:00:00,21.097847217832147,21,19,1,2024,Friday,0
2024-01-19 22:00:00,58.7914423257815,22,19,1,2024,Friday,0
2024-01-19 23:00:00,65.18392768549774,23,19,1,2024,Friday,0
2024-01-20 00:00:00,72.54995630814713,0,20,1,2024,Saturday,1
2024-01-20 01:00:00,57.55690005797869,1,20,1,2024,Saturday,1
2024-01-20 02:00:00,67.41433642306683,2,20,1,2024,Saturday,1
2024-01-20 03:00:00,21.030519654584147,3,20,1,2024,Saturday,1
2024-01-20 04:00:00,16.47214029543078,4,20,1,2024,Saturday,1
2024-01-20 05:00:00,78.30687812670662,5,20,1,2024,Saturday,1
2024-01-20 06:00:00,38.59965910016511,6,20,1,2024,Saturday,1
2024-01-20 07:00:00,26.566509231569366,7,20,1,2024,Saturday,1
2024-01-20 08:00:00,23.02231536206597,8,20,1,2024,Saturday,1
2024-01-20 09:00:00,62.04960065177048,9,20,1,2024,Saturday,1
2024-01-20 10:00:00,58.09105214274015,10,20,1,2024,Saturday,1
2024-01-20 11:00:00,63.29716818793051,11,20,1,2024,Saturday,1
2024-01-20 12:00:00,21.002230102472843,12,20,1,2024,Saturday,1
2024-01-20 13:00:00,36.3229254401527,13,20,1,2024,Saturday,1
2024-01-20 14:00:00,65.45087828663634,14,20,1,2024,Saturday,1
2024-01-20 15:00:00,46.92333914698138,15,20,1,2024,Saturday,1
2024-01-20 16:00:00,45.355066305111706,16,20,1,2024,Saturday,1
2024-01-20 17:00:00,44.72944867558798,17,20,1,2024,Saturday,1
2024-01-20 18:00:00,57.859669994397166,18,20,1,2024,Saturday,1
2024-01-20 19:00:00,25.892596490424456,19,20,1,2024,Saturday,1
2024-01-20 20:00:00,65.89861180142826,20,20,1,2024,Saturday,1
2024-01-20 21:00:00,34.80201788379793,21,20,1,2024,Saturday,1
2024-01-20 22:00:00,18.869451407961307,22,20,1,2024,Saturday,1
2024-01-20 23:00:00,77.34671417127635,23,20,1,2024,Saturday,1
2024-01-21 00:00:00,31.73110320047439,0,21,1,2024,Sunday,1
2024-01-21 01:00:00,41.27067550637497,1,21,1,2024,Sunday,1
2024-01-21 02:00:00,41.95057477332522,2,21,1,2024,Sunday,1
2024-01-21 03:00:00,46.412062022825936,3,21,1,2024,Sunday,1
2024-01-21 04:00:00,21.409576368254196,4,21,1,2024,Sunday,1
2024-01-21 05:00:00,54.99600399457137,5,21,1,2024,Sunday,1
2024-01-21 06:00:00,7.739028453603041,6,21,1,2024,Sunday,1
2024-01-21 07:00:00,11.48343148800489,7,21,1,2024,Sunday,1
2024-01-21 08:00:00,39.469966222866766,8,21,1,2024,Sunday,1
2024-01-21 09:00:00,27.61163115157696,9,21,1,2024,Sunday,1
2024-01-21 10:00:00,15.254170728009932,10,21,1,2024,Sunday,1
2024-01-21 11:00:00,45.06853330402873,11,21,1,2024,Sunday,1
2024-01-21 12:00:00,10.155212817693824,12,21,1,2024,Sunday,1
2024-01-21 13:00:00,54.99770543084315,13,21,1,2024,Sunday,1
2024-01-21 14:00:00,64.87047474097292,14,21,1,2024,Sunday,1
2024-01-21 15:00:00,25.13233553126914,15,21,1,2024,Sunday,1
2024-01-21 16:00:00,14.462719261155256,16,21,1,2024,Sunday,1
2024-01-21 17:00:00,79.41814361458415,17,21,1,2024,Sunday,1
2024-01-21 18:00:00,44.41845305466813,18,21,1,2024,Sunday,1
2024-01-21 19:00:00,74.02042766018057,19,21,1,2024,Sunday,1
2024-01-21 20:00:00,36.50542214391232,20,21,1,2024,Sunday,1
2024-01-21 21:00:00,39.0670867855152,21,21,1,2024,Sunday,1
2024-01-21 22:00:00,63.79396886506549,22,21,1,2024,Sunday,1
2024-01-21 23:00:00,67.45124177150385,23,21,1,2024,Sunday,1
2024-01-22 00:00:00,56.888515995947614,0,22,1,2024,Monday,0
2024-01-22 01:00:00,21.819378736342376,1,22,1,2024,Monday,0
2024-01-22 02:00:00,47.01289216755188,2,22,1,2024,Monday,0
2024-01-22 03:00:00,73.61974524719619,3,22,1,2024,Monday,0
2024-01-22 04:00:00,0.0,4,22,1,2024,Monday,0
2024-01-22 05:00:00,41.943586371262185,5,22,1,2024,Monday,0
2024-01-22 06:00:00,37.1629261473043,6,22,1,2024,Monday,0
2024-01-22 07:00:00,34.66100210237426,7,22,1,2024,Monday,0
2024-01-22 08:00:00,0.0,8,22,1,2024,Monday,0
2024-01-22 09:00:00,8.891155819549416,9,22,1,2024,Monday,0
2024-01-22 10:00:00,29.379323254386147,10,22,1,2024,Monday,0
2024-01-22 11:00:00,6.538370226754212,11,22,1,2024,Monday,0
2024-01-22 12:00:00,70.38996843882086,12,22,1,2024,Monday,0
2024-01-22 13:00:00,16.080974332847084,13,22,1,2024,Monday,0
2024-01-22 14:00:00,7.557567403210105,14,22,1,2024,Monday,0
2024-01-22 15:00:00,15.807797227472452,15,22,1,2024,Monday,0
2024-01-22 16:00:00,60.12372287224216,16,22,1,2024,Monday,0
2024-01-22 17:00:00,67.93942571536539,17,22,1,2024,Monday,0
2024-01-22 18:00:00,70.04034616527528,18,22,1,2024,Monday,0
2024-01-22 19:00:00,68.55546011969274,19,22,1,2024,Monday,0
2024-01-22 20:00:00,36.56579373074047,20,22,1,2024,Monday,0
2024-01-22 21:00:00,20.45364201596675,21,22,1,2024,Monday,0
2024-01-22 22:00:00,9.716946683936513,22,22,1,2024,Monday,0
2024-01-22 23:00:00,61.68434321639767,23,22,1,2024,Monday,0
2024-01-23 00:00:00,28.578878080059383,0,23,1,2024,Tuesday,0
2024-01-23 01:00:00,21.13404477845307,1,23,1,2024,Tuesday,0
2024-01-23 02:00:00,46.76604426109744,2,23,1,2024,Tuesday,0
2024-01-23 03:00:00,17.759774553770676,3,23,1,2024,Tuesday,0
2024-01-23 04:00:00,79.39006382394219,4,23,1,2024,Tuesday,0
2024-01-23 05:00:00,21.069157575738828,5,23,1,2024,Tuesday,0
2024-01-23 06:00:00,19.402523927112213,6,23,1,2024,Tuesday,0
2024-01-23 07:00:00,0.0,7,23,1,2024,Tuesday,0
2024-01-23 08:00:00,44.87005617634201,8,23,1,2024,Tuesday,0
2024-01-23 09:00:00,46.21171801338653,9,23,1,2024,Tuesday,0
2024-01-23 10:00:00,0.0,10,23,1,2024,Tuesday,0
2024-01-23 11:00:00,57.03840397041998,11,23,1,2024,Tuesday,0
2024-01-23 12:00:00,32.93955896020962,12,23,1,2024,Tuesday,0
2024-01-23 13:00:00,63.023554629150055,13,23,1,2024,Tuesday,0
2024-01-23 14:00:00,33.013974817380586,14,23,1,2024,Tuesday,0
2024-01-23 15:00:00,56.61749580017371,15,23,1,2024,Tuesday,0
2024-01-23 16:00:00,53.17397382318082,16,23,1,2024,Tuesday,0
2024-01-23 17:00:00,51.87067063305462,17,23,1,2024,Tuesday,0
2024-01-23 18:00:00,64.30797977990255,18,23,1,2024,Tuesday,0
2024-01-23 19:00:00,4.288320356345183,19,23,1,2024,Tuesday,0
2024-01-23 20:00:00,56.72762317734674,20,23,1,2024,Tuesday,0
2024-01-23 21:00:00,44.90995546867643,21,23,1,2024,Tuesday,0
2024-01-23 22:00:00,13.876557599494063,22,23,1,2024,Tuesday,0
2024-01-23 23:00:00,39.37124122897048,23,23,1,2024,Tuesday,0
2024-01-24 00:00:00,11.75852247006084,0,24,1,2024,Wednesday,0
2024-01-24 01:00:00,49.8977884122396,1,24,1,2024,Wednesday,0
2024-01-24 02:00:00,64.60983161155823,2,24,1,2024,Wednesday,0
2024-01-24 03:00:00,12.594888574055725,3,24,1,2024,Wednesday,0
2024-01-24 04:00:00,65.5974266945568,4,24,1,2024,Wednesday,0
2024-01-24 05:00:00,8.11244782892836,5,24,1,2024,Wednesday,0
2024-01-24 06:00:00,48.9611152601949,6,24,1,2024,Wednesday,0
2024-01-24 07:00:00,34.38288065090023,7,24,1,2024,Wednesday,0
2024-01-24 08:00:00,52.55689588098792,8,24,1,2024,Wednesday,0
2024-01-24 09:00:00,37.23027566973339,9,24,1,2024,Wednesday,0
2024-01-24 10:00:00,54.78487940320012,10,24,1,2024,Wednesday,0
2024-01-24 11:00:00,37.42669941100735,11,24,1,2024,Wednesday,0
2024-01-24 12:00:00,28.079314202327826,12,24,1,2024,Wednesday,0
2024-01-24 13:00:00,79.78776885692933,13,24,1,2024,Wednesday,0
2024-01-24 14:00:00,75.62248861139022,14,24,1,2024,Wednesday,0
2024-01-24 15:00:00,48.57848684629363,15,24,1,2024,Wednesday,0
2024-01-24 16:00:00,60.63745352964948,16,24,1,2024,Wednesday,0
2024-01-24 17:00:00,66.85109294209524,17,24,1,2024,Wednesday,0
2024-01-24 18:00:00,32.34799932603372,18,24,1,2024,Wednesday,0
2024-01-24 19:00:00,0.0,19,24,1,2024,Wednesday,0
2024-01-24 20:00:00,67.70594563751288,20,24,1,2024,Wednesday,0
2024-01-24 21:00:00,8.383690895109462,21,24,1,2024,Wednesday,0
2024-01-24 22:00:00,60.939817877399975,22,24,1,2024,Wednesday,0
2024-01-24 23:00:00,0.0,23,24,1,2024,Wednesday,0
2024-01-25 00:00:00,0.0,0,25,1,2024,Thursday,0
2024-01-25 01:00:00,7.603711413792093,1,25,1,2024,Thursday,0
2024-01-25 02:00:00,70.536636587169,2,25,1,2024,Thursday,0
2024-01-25 03:00:00,73.31591786048328,3,25,1,2024,Thursday,0
2024-01-25 04:00:00,62.86785794966232,4,25,1,2024,Thursday,0
2024-01-25 05:00:00,14.355208491625932,5,25,1,2024,Thursday,0
2024-01-25 06:00:00,74.7896950755514,6,25,1,2024,Thursday,0
2024-01-25 07:00:00,41.98075323406805,7,25,1,2024,Thursday,0
2024-01-25 08:00:00,66.82312116249,8,25,1,2024,Thursday,0
2024-01-25 09:00:00,47.18840893514874,9,25,1,2024,Thursday,0
2024-01-25 10:00:00,46.29599734888577,10,25,1,2024,Thursday,0
2024-01-25 11:00:00,37.10851773104313,11,25,1,2024,Thursday,0
2024-01-25 12:00:00,71.97510217973728,12,25,1,2024,Thursday,0
2024-01-25 13:00:00,0.0,13,25,1,2024,Thursday,0
2024-01-25 14:00:00,45.134038075505366,14,25,1,2024,Thursday,0
2024-01-25 15:00:00,23.92092196826273,15,25,1,2024,Thursday,0
2024-01-25 16:00:00,40.63092350376829,16,25,1,2024,Thursday,0
2024-01-25 17:00:00,75.40700953728192,17,25,1,2024,Thursday,0
2024-01-25 18:00:00,0.0,18,25,1,2024,Thursday,0
2024-01-25 19:00:00,36.490277883670345,19,25,1,2024,Thursday,0
2024-01-25 20:00:00,67.56014288077881,20,25,1,2024,Thursday,0
2024-01-25 21:00:00,52.57470179430345,21,25,1,2024,Thursday,0
2024-01-25 22:00:00,28.279857147188363,22,25,1,2024,Thursday,0
2024-01-25 23:00:00,28.86912479595657,23,25,1,2024,Thursday,0
2024-01-26 00:00:00,13.116998507416143,0,26,1,2024,Friday,0
2024-01-26 01:00:00,21.4227595329351,1,26,1,2024,Friday,0
2024-01-26 02:00:00,45.11780647869832,2,26,1,2024,Friday,0
2024-01-26 03:00:00,26.29222408241131,3,26,1,2024,Friday,0
2024-01-26 04:00:00,51.63684234428119,4,26,1,2024,Friday,0
2024-01-26 05:00:00,44.81719081526413,5,26,1,2024,Friday,0
2024-01-26 06:00:00,19.362005744810176,6,26,1,2024,Friday,0
2024-01-26 07:00:00,55.39579143864877,7,26,1,2024,Friday,0
2024-01-26 08:00:00,22.016443610220865,8,26,1,2024,Friday,0
2024-01-26 09:00:00,67.38186056016852,9,26,1,2024,Friday,0
2024-01-26 10:00:00,68.23834404896303,10,26,1,2024,Friday,0
2024-01-26 11:00:00,67.13334039157891,11,26,1,2024,Friday,0
2024-01-26 12:00:00,42.91893733882982,12,26,1,2024,Friday,0
2024-01-26 13:00:00,0.0,13,26,1,2024,Friday,0
2024-01-26 14:00:00,35.327332248586075,14,26,1,2024,Friday,0
2024-01-26 15:00:00,74.51050318325304,15,26,1,2024,Friday,0
2024-01-26 16:00:00,0.0,16,26,1,2024,Friday,0
2024-01-26 17:00:00,49.73870005239731,17,26,1,2024,Friday,0
2024-01-26 18:00:00,23.52224181213657,18,26,1,2024,Friday,0
2024-01-26 19:00:00,44.95337165292389,19,26,1,2024,Friday,0
2024-01-26 20:00:00,66.70523645325736,20,26,1,2024,Friday,0
2024-01-26 21:00:00,44.06215479055562,21,26,1,2024,Friday,0
2024-01-26 22:00:00,14.0255330182289,22,26,1,2024,Friday,0
2024-01-26 23:00:00,21.76458667261335,23,26,1,2024,Friday,0
2024-01-27 00:00:00,16.554623964548597,0,27,1,2024,Saturday,1
2024-01-27 01:00:00,15.474096088332848,1,27,1,2024,Saturday,1
2024-01-27 02:00:00,43.51234710063929,2,27,1,2024,Saturday,1
2024-01-27 03:00:00,38.5981394103895,3,27,1,2024,Saturday,1
2024-01-27 04:00:00,45.07891731764474,4,27,1,2024,Saturday,1
2024-01-27 05:00:00,58.77314551651613,5,27,1,2024,Saturday,1
2024-01-27 06:00:00,65.539397780162,6,27,1,2024,Saturday,1
2024-01-27 07:00:00,79.21399696256503,7,27,1,2024,Saturday,1
2024-01-27 08:00:00,62.91943734898983,8,27,1,2024,Saturday,1
2024-01-27 09:00:00,18.39971040043272,9,27,1,2024,Saturday,1
2024-01-27 10:00:00,47.49230024226053,10,27,1,2024,Saturday,1
2024-01-27 11:00:00,21.47142841095029,11,27,1,2024,Saturday,1
2024-01-27 12:00:00,21.86794779138668,12,27,1,2024,Saturday,1
2024-01-27 13:00:00,78.23764802345093,13,27,1,2024,Saturday,1
2024-01-27 14:00:00,79.75044564145941,14,27,1,2024,Saturday,1
2024-01-27 15:00:00,66.89909636313753,15,27,1,2024,Saturday,1
2024-01-27 16:00:00,68.06928828300951,16,27,1,2024,Saturday,1
2024-01-27 17:00:00,40.05179662487088,17,27,1,2024,Saturday,1
2024-01-27 18:00:00,77.6778219726915,18,27,1,2024,Saturday,1
2024-01-27 19:00:00,38.36041212940863,19,27,1,2024,Saturday,1
2024-01-27 20:00:00,6.337534264521747,20,27,1,2024,Saturday,1
2024-01-27 21:00:00,6.978771350415376,21,27,1,2024,Saturday,1
2024-01-27 22:00:00,30.549130796547445,22,27,1,2024,Saturday,1
2024-01-27 23:00:00,62.42036136933443,23,27,1,2024,Saturday,1
2024-01-28 00:00:00,34.79315986001264,0,28,1,2024,Sunday,1
2024-01-28 01:00:00,58.45788451376784,1,28,1,2024,Sunday,1
2024-01-28 02:00:00,50.16265770416625,2,28,1,2024,Sunday,1
2024-01-28 03:00:00,76.06503880500838,3,28,1,2024,Sunday,1
2024-01-28 04:00:00,51.21630472206044,4,28,1,2024,Sunday,1
2024-01-28 05:00:00,39.67713381108,5,28,1,2024,Sunday,1
2024-01-28 06:00:00,68.2690209195155,6,28,1,2024,Sunday,1
2024-01-28 07:00:00,30.550011561630846,7,28,1,2024,Sunday,1
2024-01-28 08:00:00,44.75866737764865,8,28,1,2024,Sunday,1
2024-01-28 09:00:00,59.15730847009105,9,28,1,2024,Sunday,1
2024-01-28 10:00:00,57.14555997083127,10,28,1,2024,Sunday,1
2024-01-28 11:00:00,0.0,11,28,1,2024,Sunday,1
2024-01-28 12:00:00,23.83688010187143,12,28,1,2024,Sunday,1
2024-01-28 13:00:00,29.349595038889557,13,28,1,2024,Sunday,1
2024-01-28 14:00:00,47.060925633313786,14,28,1,2024,Sunday,1
2024-01-28 15:00:00,27.1701708128166,15,28,1,2024,Sunday,1
2024-01-28 16:00:00,48.94232025145676,16,28,1,2024,Sunday,1
2024-01-28 17:00:00,19.146538928197334,17,28,1,2024,Sunday,1
2024-01-28 18:00:00,58.19728526882489,18,28,1,2024,Sunday,1
2024-01-28 19:00:00,65.20093720294392,19,28,1,2024,Sunday,1
2024-01-28 20:00:00,51.14211521001526,20,28,1,2024,Sunday,1
2024-01-28 21:00:00,69.71594630744188,21,28,1,2024,Sunday,1
2024-01-28 22:00:00,41.97718283907795,22,28,1,2024,Sunday,1
2024-01-28 23:00:00,69.42235104080157,23,28,1,2024,Sunday,1
2024-01-29 00:00:00,78.98357945200523,0,29,1,2024,Monday,0
2024-01-29 01:00:00,8.527929006106092,1,29,1,2024,Monday,0
2024-01-29 02:00:00,54.860003290031365,2,29,1,2024,Monday,0
2024-01-29 03:00:00,48.50288659256919,3,29,1,2024,Monday,0
2024-01-29 04:00:00,52.53257448488719,4,29,1,2024,Monday,0
2024-01-29 05:00:00,45.47118879513778,5,29,1,2024,Monday,0
2024-01-29 06:00:00,34.6802647525039,6,29,1,2024,Monday,0
2024-01-29 07:00:00,5.356309335174382,7,29,1,2024,Monday,0
2024-01-29 08:00:00,27.28221643798108,8,29,1,2024,Monday,0
2024-01-29 09:00:00,11.514718098963709,9,29,1,2024,Monday,0
2024-01-29 10:00:00,9.44816711008226,10,29,1,2024,Monday,0
2024-01-29 11:00:00,53.104493654248735,11,29,1,2024,Monday,0
2024-01-29 12:00:00,28.788056755331933,12,29,1,2024,Monday,0
2024-01-29 13:00:00,51.20692408624951,13,29,1,2024,Monday,0
2024-01-29 14:00:00,7.275443511373867,14,29,1,2024,Monday,0
2024-01-29 15:00:00,0.0,15,29,1,2024,Monday,0
2024-01-29 16:00:00,74.34970162186968,16,29,1,2024,Monday,0
2024-01-29 17:00:00,79.96222628140413,17,29,1,2024,Monday,0
2024-01-29 18:00:00,57.23283445266599,18,29,1,2024,Monday,0
2024-01-29 19:00:00,39.223093374363,19,29,1,2024,Monday,0
2024-01-29 20:00:00,10.420110802780291,20,29,1,2024,Monday,0
2024-01-29 21:00:00,47.19744469005413,21,29,1,2024,Monday,0
2024-01-29 22:00:00,64.450811584597,22,29,1,2024,Monday,0
2024-01-29 23:00:00,37.84729729719263,23,29,1,2024,Monday,0
2024-01-30 00:00:00,0.0,0,30,1,2024,Tuesday,0
2024-01-30 01:00:00,79.26318452230387,1,30,1,2024,Tuesday,0
2024-01-30 02:00:00,38.61710108945668,2,30,1,2024,Tuesday,0
2024-01-30 03:00:00,24.401133035107133,3,30,1,2024,Tuesday,0
2024-01-30 04:00:00,26.179783257937025,4,30,1,2024,Tuesday,0
2024-01-30 05:00:00,0.0,5,30,1,2024,Tuesday,0
2024-01-30 06:00:00,28.68467333811884,6,30,1,2024,Tuesday,0
2024-01-30 07:00:00,34.72671289756062,7,30,1,2024,Tuesday,0
2024-01-30 08:00:00,56.65756369693637,8,30,1,2024,Tuesday,0
2024-01-30 09:00:00,5.583797770172537,9,30,1,2024,Tuesday,0
2024-01-30 10:00:00,9.669665590124442,10,30,1,2024,Tuesday,0
2024-01-30 11:00:00,42.74479256756108,11,30,1,2024,Tuesday,0
2024-01-30 12:00:00,58.281853729008496,12,30,1,2024,Tuesday,0
2024-01-30 13:00:00,47.88862466678341,13,30,1,2024,Tuesday,0
2024-01-30 14:00:00,10.55815619752912,14,30,1,2024,Tuesday,0
2024-01-30 15:00:00,12.12848439962642,15,30,1,2024,Tuesday,0
2024-01-30 16:00:00,45.9092521544369,16,30,1,2024,Tuesday,0
2024-01-30 17:00:00,8.115370261050328,17,30,1,2024,Tuesday,0
2024-01-30 18:00:00,9.623141257761764,18,30,1,2024,Tuesday,0
2024-01-30 19:00:00,27.8542104539734,19,30,1,2024,Tuesday,0
2024-01-30 20:00:00,23.2226343840928,20,30,1,2024,Tuesday,0
2024-01-30 21:00:00,21.308572550577523,21,30,1,2024,Tuesday,0
2024-01-30 22:00:00,77.45749045486116,22,30,1,2024,Tuesday,0
2024-01-30 23:00:00,32.25299063735733,23,30,1,2024,Tuesday,0
2024-01-31 00:00:00,17.929285125178676,0,31,1,2024,Wednesday,0
2024-01-31 01:00:00,77.29578007017075,1,31,1,2024,Wednesday,0
2024-01-31 02:00:00,26.493008140946493,2,31,1,2024,Wednesday,0
2024-01-31 03:00:00,55.30273056094204,3,31,1,2024,Wednesday,0
2024-01-31 04:00:00,10.192259430922377,4,31,1,2024,Wednesday,0
2024-01-31 05:00:00,62.63400990213397,5,31,1,2024,Wednesday,0
2024-01-31 06:00:00,36.22941276064402,6,31,1,2024,Wednesday,0
2024-01-31 07:00:00,12.350406115320627,7,31,1,2024,Wednesday,0
2024-01-31 08:00:00,28.248510232660248,8,31,1,2024,Wednesday,0
2024-01-31 09:00:00,53.18988765045248,9,31,1,2024,Wednesday,0
2024-01-31 10:00:00,63.97196694472084,10,31,1,2024,Wednesday,0
2024-01-31 11:00:00,48.66355521084799,11,31,1,2024,Wednesday,0
2024-01-31 12:00:00,51.16176878981536,12,31,1,2024,Wednesday,0
2024-01-31 13:00:00,68.24465321163233,13,31,1,2024,Wednesday,0
2024-01-31 14:00:00,70.3848328268497,14,31,1,2024,Wednesday,0
2024-01-31 15:00:00,56.55292752021,15,31,1,2024,Wednesday,0
2024-01-31 16:00:00,16.827771594461893,16,31,1,2024,Wednesday,0
2024-01-31 17:00:00,76.46827351726323,17,31,1,2024,Wednesday,0
2024-01-31 18:00:00,6.0651617128073525,18,31,1,2024,Wednesday,0
2024-01-31 19:00:00,10.137709442892056,19,31,1,2024,Wednesday,0
2024-01-31 20:00:00,62.5376105258264,20,31,1,2024,Wednesday,0
2024-01-31 21:00:00,0.0,21,31,1,2024,Wednesday,0
2024-01-31 22:00:00,16.497212038654055,22,31,1,2024,Wednesday,0
2024-01-31 23:00:00,9.127828166953716,23,31,1,2024,Wednesday,0
2024-02-01 00:00:00,43.99985930276914,0,1,2,2024,Thursday,0
2024-02-01 01:00:00,41.76664809903056,1,1,2,2024,Thursday,0
2024-02-01 02:00:00,6.695332951941997,2,1,2,2024,Thursday,0
2024-02-01 03:00:00,69.4391779041177,3,1,2,2024,Thursday,0
2024-02-01 04:00:00,38.711207157580986,4,1,2,2024,Thursday,0
2024-02-01 05:00:00,57.97765788877307,5,1,2,2024,Thursday,0
2024-02-01 06:00:00,74.107522176834,6,1,2,2024,Thursday,0
2024-02-01 07:00:00,40.319061981322655,7,1,2,2024,Thursday,0
2024-02-01 08:00:00,47.19807479360746,8,1,2,2024,Thursday,0
2024-02-01 09:00:00,22.515635144477624,9,1,2,2024,Thursday,0
2024-02-01 10:00:00,68.26093768441355,10,1,2,2024,Thursday,0
2024-02-01 11:00:00,73.5059703623024,11,1,2,2024,Thursday,0
2024-02-01 12:00:00,73.86936259559798,12,1,2,2024,Thursday,0
2024-02-01 13:00:00,64.37713244013099,13,1,2,2024,Thursday,0
2024-02-01 14:00:00,12.010095267833266,14,1,2,2024,Thursday,0
2024-02-01 15:00:00,36.226212409732376,15,1,2,2024,Thursday,0
2024-02-01 16:00:00,28.84698737447133,16,1,2,2024,Thursday,0
2024-02-01 17:00:00,76.58011323732995,17,1,2,2024,Thursday,0
2024-02-01 18:00:00,74.13419248313946,18,1,2,2024,Thursday,0
2024-02-01 19:00:00,73.80921664182601,19,1,2,2024,Thursday,0
2024-02-01 20:00:00,35.02666957024688,20,1,2,2024,Thursday,0
2024-02-01 21:00:00,0.0,21,1,2,2024,Thursday,0
2024-02-01 22:00:00,35.89954921191294,22,1,2,2024,Thursday,0
2024-02-01 23:00:00,48.330182762063146,23,1,2,2024,Thursday,0
2024-02-02 00:00:00,53.71493232990424,0,2,2,2024,Friday,0
2024-02-02 01:00:00,15.5583755009174,1,2,2,2024,Friday,0
2024-02-02 02:00:00,40.736704801536966,2,2,2,2024,Friday,0
2024-02-02 03:00:00,11.579770802296697,3,2,2,2024,Friday,0
2024-02-02 04:00:00,39.67667007009968,4,2,2,2024,Friday,0
2024-02-02 05:00:00,5.755335112421237,5,2,2,2024,Friday,0
2024-02-02 06:00:00,54.48656320200461,6,2,2,2024,Friday,0
2024-02-02 07:00:00,20.51871405095877,7,2,2,2024,Friday,0
2024-02-02 08:00:00,13.587964735173609,8,2,2,2024,Friday,0
2024-02-02 09:00:00,19.97640696261344,9,2,2,2024,Friday,0
2024-02-02 10:00:00,73.37136541275711,10,2,2,2024,Friday,0
2024-02-02 11:00:00,75.62261390550266,11,2,2,2024,Friday,0
2024-02-02 12:00:00,15.567795776598764,12,2,2,2024,Friday,0
2024-02-02 13:00:00,36.63162352131471,13,2,2,2024,Friday,0
2024-02-02 14:00:00,6.307290912653444,14,2,2,2024,Friday,0
2024-02-02 15:00:00,52.183521493408925,15,2,2,2024,Friday,0
2024-02-02 16:00:00,0.0,16,2,2,2024,Friday,0
2024-02-02 17:00:00,17.218744475121433,17,2,2,2024,Friday,0
2024-02-02 18:00:00,48.14596961410625,18,2,2,2024,Friday,0
2024-02-02 19:00:00,25.12116466546159,19,2,2,2024,Friday,0
2024-02-02 20:00:00,67.90283934003946,20,2,2,2024,Friday,0
2024-02-02 21:00:00,43.254517140810776,21,2,2,2024,Friday,0
2024-02-02 22:00:00,62.61550758556181,22,2,2,2024,Friday,0
2024-02-02 23:00:00,43.825900117321794,23,2,2,2024,Friday,0
2024-02-03 00:00:00,31.187028992431237,0,3,2,2024,Saturday,1
2024-02-03 01:00:00,74.82644569097782,1,3,2,2024,Saturday,1
2024-02-03 02:00:00,0.0,2,3,2,2024,Saturday,1
2024-02-03 03:00:00,78.89524910756762,3,3,2,2024,Saturday,1
2024-02-03 04:00:00,10.241885891596077,4,3,2,2024,Saturday,1
2024-02-03 05:00:00,5.144893571862889,5,3,2,2024,Saturday,1
2024-02-03 06:00:00,59.922814416459936,6,3,2,2024,Saturday,1
2024-02-03 07:00:00,8.353019856414647,7,3,2,2024,Saturday,1
2024-02-03 08:00:00,40.76283311435537,8,3,2,2024,Saturday,1
2024-02-03 09:00:00,18.89056337329201,9,3,2,2024,Saturday,1
2024-02-03 10:00:00,42.79819075847415,10,3,2,2024,Saturday,1
2024-02-03 11:00:00,12.814363147239058,11,3,2,2024,Saturday,1
2024-02-03 12:00:00,8.918418777562092,12,3,2,2024,Saturday,1
2024-02-03 13:00:00,0.1211432950427712,13,3,2,2024,Saturday,1
2024-02-03 14:00:00,10.9113557932088,14,3,2,2024,Saturday,1
2024-02-03 15:00:00,7.8588683891368705,15,3,2,2024,Saturday,1
2024-02-03 16:00:00,70.17135459506048,16,3,2,2024,Saturday,1
2024-02-03 17:00:00,15.187432130994928,17,3,2,2024,Saturday,1
2024-02-03 18:00:00,77.8613161281733,18,3,2,2024,Saturday,1
2024-02-03 19:00:00,37.189293647002586,19,3,2,2024,Saturday,1
2024-02-03 20:00:00,25.71192392672169,20,3,2,2024,Saturday,1
2024-02-03 21:00:00,9.086246707562893,21,3,2,2024,Saturday,1
2024-02-03 22:00:00,27.00471085893386,22,3,2,2024,Saturday,1
2024-02-03 23:00:00,6.661747206218264,23,3,2,2024,Saturday,1
2024-02-04 00:00:00,53.648424429654725,0,4,2,2024,Sunday,1
2024-02-04 01:00:00,40.65621778280107,1,4,2,2024,Sunday,1
2024-02-04 02:00:00,71.16250433532748,2,4,2,2024,Sunday,1
2024-02-04 03:00:00,16.111111317085957,3,4,2,2024,Sunday,1
2024-02-04 04:00:00,58.91061762118734,4,4,2,2024,Sunday,1
2024-02-04 05:00:00,8.75167001874184,5,4,2,2024,Sunday,1
2024-02-04 06:00:00,31.888072339650037,6,4,2,2024,Sunday,1
2024-02-04 07:00:00,64.04377270020223,7,4,2,2024,Sunday,1
2024-02-04 08:00:00,56.0452902589365,8,4,2,2024,Sunday,1
2024-02-04 09:00:00,10.317872226345198,9,4,2,2024,Sunday,1
2024-02-04 10:00:00,72.79850067918807,10,4,2,2024,Sunday,1
2024-02-04 11:00:00,67.88757428323595,11,4,2,2024,Sunday,1
2024-02-04 12:00:00,41.24835865229704,12,4,2,2024,Sunday,1
2024-02-04 13:00:00,35.024111186545994,13,4,2,2024,Sunday,1
2024-02-04 14:00:00,54.91320565679101,14,4,2,2024,Sunday,1
2024-02-04 15:00:00,51.02335300165405,15,4,2,2024,Sunday,1
2024-02-04 16:00:00,62.63359253447133,16,4,2,2024,Sunday,1
2024-02-04 17:00:00,0.0,17,4,2,2024,Sunday,1
2024-02-04 18:00:00,42.222770261485735,18,4,2,2024,Sunday,1
2024-02-04 19:00:00,60.08034819074353,19,4,2,2024,Sunday,1
2024-02-04 20:00:00,47.20021555132315,20,4,2,2024,Sunday,1
2024-02-04 21:00:00,58.55989952016146,21,4,2,2024,Sunday,1
2024-02-04 22:00:00,18.529060697578466,22,4,2,2024,Sunday,1
2024-02-04 23:00:00,20.026313858630445,23,4,2,2024,Sunday,1
2024-02-05 00:00:00,61.12076151907815,0,5,2,2024,Monday,0
2024-02-05 01:00:00,47.99575165649026,1,5,2,2024,Monday,0
2024-02-05 02:00:00,60.70480470905676,2,5,2,2024,Monday,0
2024-02-05 03:00:00,35.84392988591518,3,5,2,2024,Monday,0
2024-02-05 04:00:00,77.26132089921293,4,5,2,2024,Monday,0
2024-02-05 05:00:00,44.87557340248862,5,5,2,2024,Monday,0
2024-02-05 06:00:00,61.56734925121615,6,5,2,2024,Monday,0
2024-02-05 07:00:00,24.797064059890324,7,5,2,2024,Monday,0
2024-02-05 08:00:00,73.07614589143651,8,5,2,2024,Monday,0
2024-02-05 09:00:00,6.535781252164842,9,5,2,2024,Monday,0
2024-02-05 10:00:00,22.572882450288343,10,5,2,2024,Monday,0
2024-02-05 11:00:00,56.51645587863174,11,5,2,2024,Monday,0
2024-02-05 12:00:00,0.0,12,5,2,2024,Monday,0
2024-02-05 13:00:00,76.44990710737748,13,5,2,2024,Monday,0
2024-02-05 14:00:00,51.492346382026085,14,5,2,2024,Monday,0
2024-02-05 15:00:00,55.78259572680235,15,5,2,2024,Monday,0
2024-02-05 16:00:00,67.77665979862479,16,5,2,2024,Monday,0
2024-02-05 17:00:00,37.05562159282365,17,5,2,2024,Monday,0
2024-02-05 18:00:00,40.271295219742754,18,5,2,2024,Monday,0
2024-02-05 19:00:00,44.76974192287614,19,5,2,2024,Monday,0
2024-02-05 20:00:00,38.2137648106408,20,5,2,2024,Monday,0
2024-02-05 21:00:00,65.12042574597822,21,5,2,2024,Monday,0
2024-02-05 22:00:00,64.0000211656222,22,5,2,2024,Monday,0
2024-02-05 23:00:00,5.01388964715821,23,5,2,2024,Monday,0
2024-02-06 00:00:00,49.9789258332708,0,6,2,2024,Tuesday,0
2024-02-06 01:00:00,0.0,1,6,2,2024,Tuesday,0
2024-02-06 02:00:00,74.93688348332599,2,6,2,2024,Tuesday,0
2024-02-06 03:00:00,40.257196883863706,3,6,2,2024,Tuesday,0
2024-02-06 04:00:00,51.20288962549678,4,6,2,2024,Tuesday,0
2024-02-06 05:00:00,54.884964513779416,5,6,2,2024,Tuesday,0
2024-02-06 06:00:00,50.61599542846814,6,6,2,2024,Tuesday,0
2024-02-06 07:00:00,55.655332785147046,7,6,2,2024,Tuesday,0
2024-02-06 08:00:00,48.75767260331637,8,6,2,2024,Tuesday,0
2024-02-06 09:00:00,72.95818104852783,9,6,2,2024,Tuesday,0
2024-02-06 10:00:00,58.11274413766781,10,6,2,2024,Tuesday,0
2024-02-06 11:00:00,56.52037667500273,11,6,2,2024,Tuesday,0
2024-02-06 12:00:00,0.0,12,6,2,2024,Tuesday,0
2024-02-06 13:00:00,28.780491407276823,13,6,2,2024,Tuesday,0
2024-02-06 14:00:00,9.04773210705438,14,6,2,2024,Tuesday,0
2024-02-06 15:00:00,51.08539266561558,15,6,2,2024,Tuesday,0
2024-02-06 16:00:00,36.26259614170952,16,6,2,2024,Tuesday,0
2024-02-06 17:00:00,77.45420995738992,17,6,2,2024,Tuesday,0
2024-02-06 18:00:00,68.21934425725472,18,6,2,2024,Tuesday,0
2024-02-06 19:00:00,57.67538255763964,19,6,2,2024,Tuesday,0
2024-02-06 20:00:00,20.17078858180017,20,6,2,2024,Tuesday,0
2024-02-06 21:00:00,78.16770975170616,21,6,2,2024,Tuesday,0
2024-02-06 22:00:00,76.95348907902107,22,6,2,2024,Tuesday,0
2024-02-06 23:00:00,62.74942109140281,23,6,2,2024,Tuesday,0
2024-02-07 00:00:00,47.63041181980813,0,7,2,2024,Wednesday,0
2024-02-07 01:00:00,51.737131530843484,1,7,2,2024,Wednesday,0
2024-02-07 02:00:00,41.88651470928026,2,7,2,2024,Wednesday,0
2024-02-07 03:00:00,71.95569072472664,3,7,2,2024,Wednesday,0
2024-02-07 04:00:00,39.93276466234457,4,7,2,2024,Wednesday,0
2024-02-07 05:00:00,30.576281983940227,5,7,2,2024,Wednesday,0
2024-02-07 06:00:00,73.60654260034698,6,7,2,2024,Wednesday,0
2024-02-07 07:00:00,14.10985781803456,7,7,2,2024,Wednesday,0
2024-02-07 08:00:00,38.957609713355055,8,7,2,2024,Wednesday,0
2024-02-07 09:00:00,60.71815399652918,9,7,2,2024,Wednesday,0
2024-02-07 10:00:00,79.2780822184147,10,7,2,2024,Wednesday,0
2024-02-07 11:00:00,30.27520935029439,11,7,2,2024,Wednesday,0
2024-02-07 12:00:00,0.0,12,7,2,2024,Wednesday,0
2024-02-07 13:00:00,50.92256838738107,13,7,2,2024,Wednesday,0
2024-02-07 14:00:00,58.92443565485458,14,7,2,2024,Wednesday,0
2024-02-07 15:00:00,6.268235994227531,15,7,2,2024,Wednesday,0
2024-02-07 16:00:00,13.089183211513587,16,7,2,2024,Wednesday,0
2024-02-07 17:00:00,31.102261453118967,17,7,2,2024,Wednesday,0
2024-02-07 18:00:00,0.0,18,7,2,2024,Wednesday,0
2024-02-07 19:00:00,27.694411449808683,19,7,2,2024,Wednesday,0
2024-02-07 20:00:00,50.51448558506964,20,7,2,2024,Wednesday,0
2024-02-07 21:00:00,20.84637781774533,21,7,2,2024,Wednesday,0
2024-02-07 22:00:00,45.61965970987572,22,7,2,2024,Wednesday,0
2024-02-07 23:00:00,39.6867657804195,23,7,2,2024,Wednesday,0
2024-02-08 00:00:00,6.818019426679227,0,8,2,2024,Thursday,0
2024-02-08 01:00:00,55.17152825512059,1,8,2,2024,Thursday,0
2024-02-08 02:00:00,152.23875799921288,2,8,2,2024,Thursday,0
2024-02-08 03:00:00,60.28854286251064,3,8,2,2024,Thursday,0
2024-02-08 04:00:00,16.376371083048106,4,8,2,2024,Thursday,0
2024-02-08 05:00:00,37.610115032737085,5,8,2,2024,Thursday,0
2024-02-08 06:00:00,38.00957724097448,6,8,2,2024,Thursday,0
2024-02-08 07:00:00,51.89127939896392,7,8,2,2024,Thursday,0
2024-02-08 08:00:00,9.889982502961283,8,8,2,2024,Thursday,0
2024-02-08 09:00:00,73.62743176033132,9,8,2,2024,Thursday,0
2024-02-08 10:00:00,10.336644191193582,10,8,2,2024,Thursday,0
2024-02-08 11:00:00,69.10595990230438,11,8,2,2024,Thursday,0
2024-02-08 12:00:00,18.30737391871987,12,8,2,2024,Thursday,0
2024-02-08 13:00:00,41.74488149336455,13,8,2,2024,Thursday,0
2024-02-08 14:00:00,0.0,14,8,2,2024,Thursday,0
2024-02-08 15:00:00,39.152310092112536,15,8,2,2024,Thursday,0
2024-02-08 16:00:00,37.1185672622842,16,8,2,2024,Thursday,0
2024-02-08 17:00:00,35.34544122101473,17,8,2,2024,Thursday,0
2024-02-08 18:00:00,18.034377951520995,18,8,2,2024,Thursday,0
2024-02-08 19:00:00,0.0,19,8,2,2024,Thursday,0
2024-02-08 20:00:00,45.6603131979625,20,8,2,2024,Thursday,0
2024-02-08 21:00:00,37.97418005443737,21,8,2,2024,Thursday,0
2024-02-08 22:00:00,45.393753939065256,22,8,2,2024,Thursday,0
2024-02-08 23:00:00,29.98141610704047,23,8,2,2024,Thursday,0
2024-02-09 00:00:00,6.006718634009571,0,9,2,2024,Friday,0
2024-02-09 01:00:00,6.623592694043594,1,9,2,2024,Friday,0
2024-02-09 02:00:00,11.431328818332826,2,9,2,2024,Friday,0
2024-02-09 03:00:00,78.93551157563188,3,9,2,2024,Friday,0
2024-02-09 04:00:00,58.74152298342496,4,9,2,2024,Friday,0
2024-02-09 05:00:00,68.8333119385666,5,9,2,2024,Friday,0
2024-02-09 06:00:00,59.21757555858335,6,9,2,2024,Friday,0
2024-02-09 07:00:00,40.85727641136661,7,9,2,2024,Friday,0
2024-02-09 08:00:00,56.06964024826272,8,9,2,2024,Friday,0
2024-02-09 09:00:00,78.23675255331868,9,9,2,2024,Friday,0
2024-02-09 10:00:00,17.47337751568118,10,9,2,2024,Friday,0
2024-02-09 11:00:00,26.22106760279984,11,9,2,2024,Friday,0
2024-02-09 12:00:00,70.09733350116187,12,9,2,2024,Friday,0
2024-02-09 13:00:00,55.40858450740993,13,9,2,2024,Friday,0
2024-02-09 14:00:00,33.47231506142258,14,9,2,2024,Friday,0
2024-02-09 15:00:00,53.57520170906194,15,9,2,2024,Friday,0
2024-02-09 16:00:00,11.28842885033608,16,9,2,2024,Friday,0
2024-02-09 17:00:00,6.269100759870733,17,9,2,2024,Friday,0
2024-02-09 18:00:00,42.95272026706106,18,9,2,2024,Friday,0
2024-02-09 19:00:00,43.24493715557364,19,9,2,2024,Friday,0
2024-02-09 20:00:00,12.442167206200743,20,9,2,2024,Friday,0
2024-02-09 21:00:00,29.18339676386404,21,9,2,2024,Friday,0
2024-02-09 22:00:00,74.18267082528274,22,9,2,2024,Friday,0
2024-02-09 23:00:00,72.08924276832295,23,9,2,2024,Friday,0
2024-02-10 00:00:00,25.32972426052728,0,10,2,2024,Saturday,1
2024-02-10 01:00:00,58.50930203255331,1,10,2,2024,Saturday,1
2024-02-10 02:00:00,76.57770216711769,2,10,2,2024,Saturday,1
2024-02-10 03:00:00,32.02408532686721,3,10,2,2024,Saturday,1
2024-02-10 04:00:00,63.43204575363278,4,10,2,2024,Saturday,1
2024-02-10 05:00:00,8.259211353059325,5,10,2,2024,Saturday,1
2024-02-10 06:00:00,65.03081468702587,6,10,2,2024,Saturday,1
2024-02-10 07:00:00,39.18998751353248,7,10,2,2024,Saturday,1
2024-02-10 08:00:00,79.3573768668566,8,10,2,2024,Saturday,1
2024-02-10 09:00:00,76.66382798129307,9,10,2,2024,Saturday,1
2024-02-10 10:00:00,54.31762293384593,10,10,2,2024,Saturday,1
2024-02-10 11:00:00,31.55147285240084,11,10,2,2024,Saturday,1
2024-02-10 12:00:00,45.81366156734756,12,10,2,2024,Saturday,1
2024-02-10 13:00:00,60.38629791395793,13,10,2,2024,Saturday,1
2024-02-10 14:00:00,32.598880789009,14,10,2,2024,Saturday,1
2024-02-10 15:00:00,0.0457718422773702,15,10,2,2024,Saturday,1
2024-02-10 16:00:00,53.39896875032125,16,10,2,2024,Saturday,1
2024-02-10 17:00:00,73.45257577678328,17,10,2,2024,Saturday,1
2024-02-10 18:00:00,75.52338506958138,18,10,2,2024,Saturday,1
2024-02-10 19:00:00,0.0,19,10,2,2024,Saturday,1
2024-02-10 20:00:00,65.03863434488625,20,10,2,2024,Saturday,1
2024-02-10 21:00:00,63.991170227375775,21,10,2,2024,Saturday,1
2024-02-10 22:00:00,65.93421330641783,22,10,2,2024,Saturday,1
2024-02-10 23:00:00,26.75691987130609,23,10,2,2024,Saturday,1
2024-02-11 00:00:00,8.823831028083502,0,11,2,2024,Sunday,1
2024-02-11 01:00:00,73.78086491491091,1,11,2,2024,Sunday,1
2024-02-11 02:00:00,26.510946858011508,2,11,2,2024,Sunday,1
2024-02-11 03:00:00,77.63851676623986,3,11,2,2024,Sunday,1
2024-02-11 04:00:00,78.13016919490377,4,11,2,2024,Sunday,1
2024-02-11 05:00:00,5.602389790671721,5,11,2,2024,Sunday,1
2024-02-11 06:00:00,20.09377734133772,6,11,2,2024,Sunday,1
2024-02-11 07:00:00,40.27604440348503,7,11,2,2024,Sunday,1
2024-02-11 08:00:00,53.95698169820941,8,11,2,2024,Sunday,1
2024-02-11 09:00:00,60.61379392452427,9,11,2,2024,Sunday,1
2024-02-11 10:00:00,63.30842211900583,10,11,2,2024,Sunday,1
2024-02-11 11:00:00,38.60563636862258,11,11,2,2024,Sunday,1
2024-02-11 12:00:00,65.60582507754691,12,11,2,2024,Sunday,1
2024-02-11 13:00:00,46.61987332807575,13,11,2,2024,Sunday,1
2024-02-11 14:00:00,49.363214910123695,14,11,2,2024,Sunday,1
2024-02-11 15:00:00,24.87454059878397,15,11,2,2024,Sunday,1
2024-02-11 16:00:00,54.36218573947502,16,11,2,2024,Sunday,1
2024-02-11 17:00:00,6.443672288667047,17,11,2,2024,Sunday,1
2024-02-11 18:00:00,28.215649389656605,18,11,2,2024,Sunday,1
2024-02-11 19:00:00,42.2855347814151,19,11,2,2024,Sunday,1
2024-02-11 20:00:00,76.1733008089697,20,11,2,2024,Sunday,1
2024-02-11 21:00:00,34.99715934379533,21,11,2,2024,Sunday,1
2024-02-11 22:00:00,26.509679689140484,22,11,2,2024,Sunday,1
2024-02-11 23:00:00,34.95512440558501,23,11,2,2024,Sunday,1
2024-02-12 00:00:00,62.0462303749696,0,12,2,2024,Monday,0
2024-02-12 01:00:00,69.8745479772151,1,12,2,2024,Monday,0
2024-02-12 02:00:00,10.43167346455136,2,12,2,2024,Monday,0
2024-02-12 03:00:00,46.53802191715521,3,12,2,2024,Monday,0
2024-02-12 04:00:00,53.20639354696602,4,12,2,2024,Monday,0
2024-02-12 05:00:00,0.0,5,12,2,2024,Monday,0
2024-02-12 06:00:00,26.967931002629683,6,12,2,2024,Monday,0
2024-02-12 07:00:00,68.51919496631803,7,12,2,2024,Monday,0
2024-02-12 08:00:00,71.7085068763758,8,12,2,2024,Monday,0
2024-02-12 09:00:00,79.24854612418856,9,12,2,2024,Monday,0
2024-02-12 10:00:00,34.14920011576352,10,12,2,2024,Monday,0
2024-02-12 11:00:00,66.70625110738425,11,12,2,2024,Monday,0
2024-02-12 12:00:00,30.773548133404887,12,12,2,2024,Monday,0
2024-02-12 13:00:00,24.155781563888247,13,12,2,2024,Monday,0
2024-02-12 14:00:00,10.347606688667652,14,12,2,2024,Monday,0
2024-02-12 15:00:00,26.30453465597864,15,12,2,2024,Monday,0
2024-02-12 16:00:00,26.730320039666697,16,12,2,2024,Monday,0
2024-02-12 17:00:00,48.61478557078329,17,12,2,2024,Monday,0
2024-02-12 18:00:00,1.3302257390094765,18,12,2,2024,Monday,0
2024-02-12 19:00:00,44.01595165676219,19,12,2,2024,Monday,0
2024-02-12 20:00:00,18.433946311771635,20,12,2,2024,Monday,0
2024-02-12 21:00:00,37.70311871847127,21,12,2,2024,Monday,0
2024-02-12 22:00:00,56.19836617198485,22,12,2,2024,Monday,0
2024-02-12 23:00:00,73.27597597314914,23,12,2,2024,Monday,0
2024-02-13 00:00:00,76.89240009827725,0,13,2,2024,Tuesday,0
2024-02-13 01:00:00,23.92505033099207,1,13,2,2024,Tuesday,0
2024-02-13 02:00:00,50.48944002879003,2,13,2,2024,Tuesday,0
2024-02-13 03:00:00,66.09153402649976,3,13,2,2024,Tuesday,0
2024-02-13 04:00:00,6.918423739637612,4,13,2,2024,Tuesday,0
2024-02-13 05:00:00,0.0,5,13,2,2024,Tuesday,0
2024-02-13 06:00:00,61.03806279047378,6,13,2,2024,Tuesday,0
2024-02-13 07:00:00,64.22961963559717,7,13,2,2024,Tuesday,0
2024-02-13 08:00:00,44.88676331081039,8,13,2,2024,Tuesday,0
2024-02-13 09:00:00,58.94085857253415,9,13,2,2024,Tuesday,0
2024-02-13 10:00:00,10.039817806428031,10,13,2,2024,Tuesday,0
2024-02-13 11:00:00,17.53493129851908,11,13,2,2024,Tuesday,0
2024-02-13 12:00:00,29.758384839143087,12,13,2,2024,Tuesday,0
2024-02-13 13:00:00,69.59647495660728,13,13,2,2024,Tuesday,0
2024-02-13 14:00:00,49.93390136150811,14,13,2,2024,Tuesday,0
2024-02-13 15:00:00,14.49216023800693,15,13,2,2024,Tuesday,0
2024-02-13 16:00:00,38.409401627820046,16,13,2,2024,Tuesday,0
2024-02-13 17:00:00,8.234584116412151,17,13,2,2024,Tuesday,0
2024-02-13 18:00:00,34.86162084385812,18,13,2,2024,Tuesday,0
2024-02-13 19:00:00,57.92746599973164,19,13,2,2024,Tuesday,0
2024-02-13 20:00:00,49.40924272632639,20,13,2,2024,Tuesday,0
2024-02-13 21:00:00,9.98078152795496,21,13,2,2024,Tuesday,0
2024-02-13 22:00:00,29.05244637809921,22,13,2,2024,Tuesday,0
2024-02-13 23:00:00,42.09423335073603,23,13,2,2024,Tuesday,0
2024-02-14 00:00:00,45.76954763488772,0,14,2,2024,Wednesday,0
2024-02-14 01:00:00,53.71328701264429,1,14,2,2024,Wednesday,0
2024-02-14 02:00:00,66.40550756937826,2,14,2,2024,Wednesday,0
2024-02-14 03:00:00,11.456912304995278,3,14,2,2024,Wednesday,0
2024-02-14 04:00:00,75.57096449529908,4,14,2,2024,Wednesday,0
2024-02-14 05:00:00,44.36125627735559,5,14,2,2024,Wednesday,0
2024-02-14 06:00:00,28.253031404856078,6,14,2,2024,Wednesday,0
2024-02-14 07:00:00,39.48883106753241,7,14,2,2024,Wednesday,0
2024-02-14 08:00:00,25.36585765013293,8,14,2,2024,Wednesday,0
2024-02-14 09:00:00,69.21096127147155,9,14,2,2024,Wednesday,0
2024-02-14 10:00:00,34.60220459389867,10,14,2,2024,Wednesday,0
2024-02-14 11:00:00,40.78700348086861,11,14,2,2024,Wednesday,0
2024-02-14 12:00:00,21.871253290777545,12,14,2,2024,Wednesday,0
2024-02-14 13:00:00,47.23207084043696,13,14,2,2024,Wednesday,0
2024-02-14 14:00:00,0.0,14,14,2,2024,Wednesday,0
2024-02-14 15:00:00,18.79049305407434,15,14,2,2024,Wednesday,0
2024-02-14 16:00:00,47.28525433337332,16,14,2,2024,Wednesday,0
2024-02-14 17:00:00,30.165570663990163,17,14,2,2024,Wednesday,0
2024-02-14 18:00:00,34.895113266087755,18,14,2,2024,Wednesday,0
2024-02-14 19:00:00,54.96447201998234,19,14,2,2024,Wednesday,0
2024-02-14 20:00:00,74.78581939727512,20,14,2,2024,Wednesday,0
2024-02-14 21:00:00,34.79054782301729,21,14,2,2024,Wednesday,0
2024-02-14 22:00:00,69.13309024823164,22,14,2,2024,Wednesday,0
2024-02-14 23:00:00,38.08536376892858,23,14,2,2024,Wednesday,0
2024-02-15 00:00:00,27.752745917900945,0,15,2,2024,Thursday,0
2024-02-15 01:00:00,41.65484517329656,1,15,2,2024,Thursday,0
2024-02-15 02:00:00,35.38682540127056,2,15,2,2024,Thursday,0
2024-02-15 03:00:00,68.56767860768713,3,15,2,2024,Thursday,0
2024-02-15 04:00:00,0.0,4,15,2,2024,Thursday,0
2024-02-15 05:00:00,36.46547333950338,5,15,2,2024,Thursday,0
2024-02-15 06:00:00,44.64048952672159,6,15,2,2024,Thursday,0
2024-02-15 07:00:00,40.27163575273819,7,15,2,2024,Thursday,0
2024-02-15 08:00:00,34.43336364069278,8,15,2,2024,Thursday,0
2024-02-15 09:00:00,0.0,9,15,2,2024,Thursday,0
2024-02-15 10:00:00,18.561385925179625,10,15,2,2024,Thursday,0
2024-02-15 11:00:00,59.79776909471581,11,15,2,2024,Thursday,0
2024-02-15 12:00:00,59.7683124702693,12,15,2,2024,Thursday,0
2024-02-15 13:00:00,36.70152016311202,13,15,2,2024,Thursday,0
2024-02-15 14:00:00,10.23177592340076,14,15,2,2024,Thursday,0
2024-02-15 15:00:00,24.23053686415175,15,15,2,2024,Thursday,0
2024-02-15 16:00:00,21.70612432843914,16,15,2,2024,Thursday,0
2024-02-15 17:00:00,57.896271802948434,17,15,2,2024,Thursday,0
2024-02-15 18:00:00,35.17106494410814,18,15,2,2024,Thursday,0
2024-02-15 19:00:00,15.729551165353076,19,15,2,2024,Thursday,0
2024-02-15 20:00:00,34.077999734831565,20,15,2,2024,Thursday,0
2024-02-15 21:00:00,26.050244075726223,21,15,2,2024,Thursday,0
2024-02-15 22:00:00,21.847908232183183,22,15,2,2024,Thursday,0
2024-02-15 23:00:00,15.42551087839598,23,15,2,2024,Thursday,0
2024-02-16 00:00:00,13.650698039870646,0,16,2,2024,Friday,0
2024-02-16 01:00:00,24.775659394661684,1,16,2,2024,Friday,0
2024-02-16 02:00:00,67.45812734205117,2,16,2,2024,Friday,0
2024-02-16 03:00:00,12.043247362327255,3,16,2,2024,Friday,0
2024-02-16 04:00:00,61.23146590227786,4,16,2,2024,Friday,0
2024-02-16 05:00:00,23.193290217345247,5,16,2,2024,Friday,0
2024-02-16 06:00:00,48.38617697981442,6,16,2,2024,Friday,0
2024-02-16 07:00:00,29.6808062667524,7,16,2,2024,Friday,0
2024-02-16 08:00:00,25.08836904191854,8,16,2,2024,Friday,0
2024-02-16 09:00:00,0.0,9,16,2,2024,Friday,0
2024-02-16 10:00:00,56.1150925022779,10,16,2,2024,Friday,0
2024-02-16 11:00:00,15.898734225246953,11,16,2,2024,Friday,0
2024-02-16 12:00:00,41.15701390960357,12,16,2,2024,Friday,0
2024-02-16 13:00:00,41.90586399017345,13,16,2,2024,Friday,0
2024-02-16 14:00:00,8.335789160236999,14,16,2,2024,Friday,0
2024-02-16 15:00:00,90.23550358200892,15,16,2,2024,Friday,0
2024-02-16 16:00:00,18.1024722667836,16,16,2,2024,Friday,0
2024-02-16 17:00:00,59.19854015458014,17,16,2,2024,Friday,0
2024-02-16 18:00:00,0.0,18,16,2,2024,Friday,0
2024-02-16 19:00:00,15.774763064545793,19,16,2,2024,Friday,0
2024-02-16 20:00:00,75.09027362309024,20,16,2,2024,Friday,0
2024-02-16 21:00:00,23.915003796268465,21,16,2,2024,Friday,0
2024-02-16 22:00:00,13.819971244902632,22,16,2,2024,Friday,0
2024-02-16 23:00:00,79.97267190690829,23,16,2,2024,Friday,0
2024-02-17 00:00:00,5.163807087916792,0,17,2,2024,Saturday,1
2024-02-17 01:00:00,55.095255841104894,1,17,2,2024,Saturday,1
2024-02-17 02:00:00,38.188211099692175,2,17,2,2024,Saturday,1
2024-02-17 03:00:00,41.13168722967361,3,17,2,2024,Saturday,1
2024-02-17 04:00:00,55.199838402705424,4,17,2,2024,Saturday,1
2024-02-17 05:00:00,72.31121635965684,5,17,2,2024,Saturday,1
2024-02-17 06:00:00,37.49380570218128,6,17,2,2024,Saturday,1
2024-02-17 07:00:00,55.374954290710285,7,17,2,2024,Saturday,1
2024-02-17 08:00:00,33.467398984964014,8,17,2,2024,Saturday,1
2024-02-17 09:00:00,53.35952018455622,9,17,2,2024,Saturday,1
2024-02-17 10:00:00,76.03768937793197,10,17,2,2024,Saturday,1
2024-02-17 11:00:00,9.79334907118558,11,17,2,2024,Saturday,1
2024-02-17 12:00:00,45.45344885211073,12,17,2,2024,Saturday,1
2024-02-17 13:00:00,31.728682285908047,13,17,2,2024,Saturday,1
2024-02-17 14:00:00,76.16478844210974,14,17,2,2024,Saturday,1
2024-02-17 15:00:00,59.16864335631949,15,17,2,2024,Saturday,1
2024-02-17 16:00:00,15.10403338179977,16,17,2,2024,Saturday,1
2024-02-17 17:00:00,66.24653780691024,17,17,2,2024,Saturday,1
2024-02-17 18:00:00,30.726160737544745,18,17,2,2024,Saturday,1
2024-02-17 19:00:00,77.69304556526747,19,17,2,2024,Saturday,1
2024-02-17 20:00:00,77.12500791368723,20,17,2,2024,Saturday,1
2024-02-17 21:00:00,8.28243853987389,21,17,2,2024,Saturday,1
2024-02-17 22:00:00,50.5305305671186,22,17,2,2024,Saturday,1
2024-02-17 23:00:00,64.9305064614647,23,17,2,2024,Saturday,1
2024-02-18 00:00:00,0.0,0,18,2,2024,Sunday,1
2024-02-18 01:00:00,55.62849667174399,1,18,2,2024,Sunday,1
2024-02-18 02:00:00,41.99326219500855,2,18,2,2024,Sunday,1
2024-02-18 03:00:00,38.69718656721909,3,18,2,2024,Sunday,1
2024-02-18 04:00:00,62.26265635402747,4,18,2,2024,Sunday,1
2024-02-18 05:00:00,35.84413909327468,5,18,2,2024,Sunday,1
2024-02-18 06:00:00,55.46883682152323,6,18,2,2024,Sunday,1
2024-02-18 07:00:00,19.721540010730703,7,18,2,2024,Sunday,1
2024-02-18 08:00:00,68.45025675480477,8,18,2,2024,Sunday,1
2024-02-18 09:00:00,79.94974411198142,9,18,2,2024,Sunday,1
2024-02-18 10:00:00,60.46898672586866,10,18,2,2024,Sunday,1
2024-02-18 11:00:00,35.38265952853404,11,18,2,2024,Sunday,1
2024-02-18 12:00:00,37.688027665454456,12,18,2,2024,Sunday,1
2024-02-18 13:00:00,20.79343928787075,13,18,2,2024,Sunday,1
2024-02-18 14:00:00,53.36289470151473,14,18,2,2024,Sunday,1
2024-02-18 15:00:00,24.267335453342245,15,18,2,2024,Sunday,1
2024-02-18 16:00:00,68.20904345854468,16,18,2,2024,Sunday,1
2024-02-18 17:00:00,27.706067785342437,17,18,2,2024,Sunday,1
2024-02-18 18:00:00,76.68731222622425,18,18,2,2024,Sunday,1
2024-02-18 19:00:00,45.36457787633022,19,18,2,2024,Sunday,1
2024-02-18 20:00:00,27.498043111589936,20,18,2,2024,Sunday,1
2024-02-18 21:00:00,74.70693087698855,21,18,2,2024,Sunday,1
2024-02-18 22:00:00,37.52045250571513,22,18,2,2024,Sunday,1
2024-02-18 23:00:00,24.04346935025211,23,18,2,2024,Sunday,1
2024-02-19 00:00:00,9.51652733339272,0,19,2,2024,Monday,0
2024-02-19 01:00:00,39.88426993608347,1,19,2,2024,Monday,0
2024-02-19 02:00:00,5.755524649492359,2,19,2,2024,Monday,0
2024-02-19 03:00:00,13.003539499532652,3,19,2,2024,Monday,0
2024-02-19 04:00:00,21.35157383578864,4,19,2,2024,Monday,0
2024-02-19 05:00:00,48.84665066850152,5,19,2,2024,Monday,0
2024-02-19 06:00:00,9.206012694775316,6,19,2,2024,Monday,0
2024-02-19 07:00:00,19.93670718240265,7,19,2,2024,Monday,0
2024-02-19 08:00:00,0.0,8,19,2,2024,Monday,0
2024-02-19 09:00:00,76.18778788307228,9,19,2,2024,Monday,0
2024-02-19 10:00:00,72.94073165721504,10,19,2,2024,Monday,0
2024-02-19 11:00:00,24.54169744898367,11,19,2,2024,Monday,0
2024-02-19 12:00:00,7.446816605478516,12,19,2,2024,Monday,0
2024-02-19 13:00:00,17.199039032159078,13,19,2,2024,Monday,0
2024-02-19 14:00:00,0.0,14,19,2,2024,Monday,0
2024-02-19 15:00:00,72.27855411576432,15,19,2,2024,Monday,0
2024-02-19 16:00:00,18.01705100546142,16,19,2,2024,Monday,0
2024-02-19 17:00:00,59.126629342112274,17,19,2,2024,Monday,0
2024-02-19 18:00:00,35.86668099087705,18,19,2,2024,Monday,0
2024-02-19 19:00:00,5.20011260069647,19,19,2,2024,Monday,0
2024-02-19 20:00:00,28.77227402735012,20,19,2,2024,Monday,0
2024-02-19 21:00:00,61.90801716904538,21,19,2,2024,Monday,0
2024-02-19 22:00:00,35.017606522824096,22,19,2,2024,Monday,0
2024-02-19 23:00:00,14.804488742545598,23,19,2,2024,Monday,0
2024-02-20 00:00:00,65.10291874065945,0,20,2,2024,Tuesday,0
2024-02-20 01:00:00,18.120951026827235,1,20,2,2024,Tuesday,0
2024-02-20 02:00:00,61.63104965912597,2,20,2,2024,Tuesday,0
2024-02-20 03:00:00,71.8059193887291,3,20,2,2024,Tuesday,0
2024-02-20 04:00:00,45.98918433743132,4,20,2,2024,Tuesday,0
2024-02-20 05:00:00,45.858999052265375,5,20,2,2024,Tuesday,0
2024-02-20 06:00:00,55.691891653122006,6,20,2,2024,Tuesday,0
2024-02-20 07:00:00,23.050456238396517,7,20,2,2024,Tuesday,0
2024-02-20 08:00:00,39.97272424864232,8,20,2,2024,Tuesday,0
2024-02-20 09:00:00,21.05357940478484,9,20,2,2024,Tuesday,0
2024-02-20 10:00:00,8.789017000425101,10,20,2,2024,Tuesday,0
2024-02-20 11:00:00,97.6677653925048,11,20,2,2024,Tuesday,0
2024-02-20 12:00:00,39.94579631974886,12,20,2,2024,Tuesday,0
2024-02-20 13:00:00,41.01292040629061,13,20,2,2024,Tuesday,0
2024-02-20 14:00:00,11.422192304640166,14,20,2,2024,Tuesday,0
2024-02-20 15:00:00,52.28437229318183,15,20,2,2024,Tuesday,0
2024-02-20 16:00:00,77.63234569193523,16,20,2,2024,Tuesday,0
2024-02-20 17:00:00,14.175393197160597,17,20,2,2024,Tuesday,0
2024-02-20 18:00:00,28.337522357857683,18,20,2,2024,Tuesday,0
2024-02-20 19:00:00,17.628897372729085,19,20,2,2024,Tuesday,0
2024-02-20 20:00:00,45.45111536306598,20,20,2,2024,Tuesday,0
2024-02-20 21:00:00,49.66092549992548,21,20,2,2024,Tuesday,0
2024-02-20 22:00:00,23.942080345214407,22,20,2,2024,Tuesday,0
2024-02-20 23:00:00,23.86992273236189,23,20,2,2024,Tuesday,0
2024-02-21 00:00:00,8.641282040664738,0,21,2,2024,Wednesday,0
2024-02-21 01:00:00,11.139612943722046,1,21,2,2024,Wednesday,0
2024-02-21 02:00:00,46.40242818798875,2,21,2,2024,Wednesday,0
2024-02-21 03:00:00,77.2662199543138,3,21,2,2024,Wednesday,0
2024-02-21 04:00:00,5.995140564565627,4,21,2,2024,Wednesday,0
2024-02-21 05:00:00,21.270741905550192,5,21,2,2024,Wednesday,0
2024-02-21 06:00:00,38.13860653803928,6,21,2,2024,Wednesday,0
2024-02-21 07:00:00,37.9980325281785,7,21,2,2024,Wednesday,0
2024-02-21 08:00:00,12.89314235582393,8,21,2,2024,Wednesday,0
2024-02-21 09:00:00,60.624560710723856,9,21,2,2024,Wednesday,0
2024-02-21 10:00:00,0.0,10,21,2,2024,Wednesday,0
2024-02-21 11:00:00,5.868319195612725,11,21,2,2024,Wednesday,0
2024-02-21 12:00:00,0.0,12,21,2,2024,Wednesday,0
2024-02-21 13:00:00,77.69879024520026,13,21,2,2024,Wednesday,0
2024-02-21 14:00:00,94.36532940921012,14,21,2,2024,Wednesday,0
2024-02-21 15:00:00,43.95822631658241,15,21,2,2024,Wednesday,0
2024-02-21 16:00:00,76.48074420185159,16,21,2,2024,Wednesday,0
2024-02-21 17:00:00,66.17819525015547,17,21,2,2024,Wednesday,0
2024-02-21 18:00:00,76.24242378732372,18,21,2,2024,Wednesday,0
2024-02-21 19:00:00,35.15737675512804,19,21,2,2024,Wednesday,0
2024-02-21 20:00:00,53.11979970086487,20,21,2,2024,Wednesday,0
2024-02-21 21:00:00,43.12603811805074,21,21,2,2024,Wednesday,0
2024-02-21 22:00:00,60.68153839035487,22,21,2,2024,Wednesday,0
2024-02-21 23:00:00,33.67446234201802,23,21,2,2024,Wednesday,0
2024-02-22 00:00:00,54.54859168539257,0,22,2,2024,Thursday,0
2024-02-22 01:00:00,14.11630705481829,1,22,2,2024,Thursday,0
2024-02-22 02:00:00,11.321914132806013,2,22,2,2024,Thursday,0
2024-02-22 03:00:00,26.586710215463047,3,22,2,2024,Thursday,0
2024-02-22 04:00:00,65.92220415676107,4,22,2,2024,Thursday,0
2024-02-22 05:00:00,37.51588423680197,5,22,2,2024,Thursday,0
2024-02-22 06:00:00,20.07464990247556,6,22,2,2024,Thursday,0
2024-02-22 07:00:00,10.390644028146834,7,22,2,2024,Thursday,0
2024-02-22 08:00:00,5.892835163588776,8,22,2,2024,Thursday,0
2024-02-22 09:00:00,48.52491426934318,9,22,2,2024,Thursday,0
2024-02-22 10:00:00,51.94497776365302,10,22,2,2024,Thursday,0
2024-02-22 11:00:00,20.79043601283822,11,22,2,2024,Thursday,0
2024-02-22 12:00:00,49.48345837435455,12,22,2,2024,Thursday,0
2024-02-22 13:00:00,25.527547211644688,13,22,2,2024,Thursday,0
2024-02-22 14:00:00,19.958025275991496,14,22,2,2024,Thursday,0
2024-02-22 15:00:00,33.694161775319,15,22,2,2024,Thursday,0
2024-02-22 16:00:00,45.15937317195059,16,22,2,2024,Thursday,0
2024-02-22 17:00:00,60.83110355266755,17,22,2,2024,Thursday,0
2024-02-22 18:00:00,0.0,18,22,2,2024,Thursday,0
2024-02-22 19:00:00,47.67827374967497,19,22,2,2024,Thursday,0
2024-02-22 20:00:00,27.63793401856366,20,22,2,2024,Thursday,0
2024-02-22 21:00:00,66.46105412754665,21,22,2,2024,Thursday,0
2024-02-22 22:00:00,0.0,22,22,2,2024,Thursday,0
2024-02-22 23:00:00,0.0,23,22,2,2024,Thursday,0
2024-02-23 00:00:00,10.201613009568993,0,23,2,2024,Friday,0
2024-02-23 01:00:00,67.61464385497968,1,23,2,2024,Friday,0
2024-02-23 02:00:00,8.936913796477242,2,23,2,2024,Friday,0
2024-02-23 03:00:00,26.4440331229724,3,23,2,2024,Friday,0
2024-02-23 04:00:00,42.01795949517358,4,23,2,2024,Friday,0
2024-02-23 05:00:00,27.99720488584749,5,23,2,2024,Friday,0
2024-02-23 06:00:00,34.54134762062127,6,23,2,2024,Friday,0
2024-02-23 07:00:00,67.07828216010658,7,23,2,2024,Friday,0
2024-02-23 08:00:00,39.70699556704798,8,23,2,2024,Friday,0
2024-02-23 09:00:00,6.448880265075534,9,23,2,2024,Friday,0
2024-02-23 10:00:00,30.751503981203896,10,23,2,2024,Friday,0
2024-02-23 11:00:00,28.80292498005887,11,23,2,2024,Friday,0
2024-02-23 12:00:00,30.98756655243088,12,23,2,2024,Friday,0
2024-02-23 13:00:00,85.03985430629427,13,23,2,2024,Friday,0
2024-02-23 14:00:00,47.76784734327861,14,23,2,2024,Friday,0
2024-02-23 15:00:00,57.45442116792438,15,23,2,2024,Friday,0
2024-02-23 16:00:00,45.93945507648217,16,23,2,2024,Friday,0
2024-02-23 17:00:00,49.53480945615692,17,23,2,2024,Friday,0
2024-02-23 18:00:00,52.73977320604877,18,23,2,2024,Friday,0
2024-02-23 19:00:00,61.93297987243194,19,23,2,2024,Friday,0
2024-02-23 20:00:00,23.437875326038824,20,23,2,2024,Friday,0
2024-02-23 21:00:00,8.315805795177543,21,23,2,2024,Friday,0
2024-02-23 22:00:00,10.185000186311704,22,23,2,2024,Friday,0
2024-02-23 23:00:00,71.94505922956554,23,23,2,2024,Friday,0
2024-02-24 00:00:00,9.209067930589208,0,24,2,2024,Saturday,1
2024-02-24 01:00:00,21.918495812082128,1,24,2,2024,Saturday,1
2024-02-24 02:00:00,21.795382498227173,2,24,2,2024,Saturday,1
2024-02-24 03:00:00,27.994930739365664,3,24,2,2024,Saturday,1
2024-02-24 04:00:00,35.7622826922978,4,24,2,2024,Saturday,1
2024-02-24 05:00:00,7.917185918511961,5,24,2,2024,Saturday,1
2024-02-24 06:00:00,26.17745506640429,6,24,2,2024,Saturday,1
2024-02-24 07:00:00,0.0,7,24,2,2024,Saturday,1
2024-02-24 08:00:00,60.25144069020241,8,24,2,2024,Saturday,1
2024-02-24 09:00:00,15.691719285120502,9,24,2,2024,Saturday,1
2024-02-24 10:00:00,54.82511333467084,10,24,2,2024,Saturday,1
2024-02-24 11:00:00,65.23254316413059,11,24,2,2024,Saturday,1
2024-02-24 12:00:00,6.432324170240332,12,24,2,2024,Saturday,1
2024-02-24 13:00:00,16.126089718922938,13,24,2,2024,Saturday,1
2024-02-24 14:00:00,66.97990803084751,14,24,2,2024,Saturday,1
2024-02-24 15:00:00,74.27670057664027,15,24,2,2024,Saturday,1
2024-02-24 16:00:00,39.73385254628378,16,24,2,2024,Saturday,1
2024-02-24 17:00:00,60.7251438890711,17,24,2,2024,Saturday,1
2024-02-24 18:00:00,43.251453479602375,18,24,2,2024,Saturday,1
2024-02-24 19:00:00,42.01165353037616,19,24,2,2024,Saturday,1
2024-02-24 20:00:00,68.18585286511737,20,24,2,2024,Saturday,1
2024-02-24 21:00:00,18.895101661444063,21,24,2,2024,Saturday,1
2024-02-24 22:00:00,13.75625150299386,22,24,2,2024,Saturday,1
2024-02-24 23:00:00,63.65257024136892,23,24,2,2024,Saturday,1
